"time',"x',"y',"heading',"position',"velocity',"acceleration',"jerk'
0,4.366831,43.220446,0,0,0,0,0
0.02,4.41581321836524,43.2204800000063,-0.005322,0.0489822301654446,2.44911150827223,122.455575413611,6122.77877068057
0.04,4.46479543526832,43.2205090000252,-0.010645,0.0979644556532806,1.2245556371959,-30.6138967769082,-3826.73680476299
0.06,4.51377765363356,43.2205340000568,-0.015967,0.146946680398404,0.816370412418716,-6.80308707961975,396.846828288141
0.08,4.5627598719988,43.2205540001009,-0.021289,0.195928902846777,0.612277780604667,-2.55115789767562,53.1491147743016
0.1,4.61174109036404,43.2205700001577,-0.026611,0.244910123825284,0.489812209785069,-1.22465570819598,13.2650218947964
0.12,4.66072330726712,43.2205810002271,-0.031934,0.293892341963519,0.408185151151959,-0.680225488609248,4.5369184965561
0.14,4.70970552563236,43.2205870003091,-0.037256,0.342874560696251,0.349872990948088,-0.41651543002765,1.88364327558284
0.16,4.7586877439976,43.2205890004037,-0.042578,0.391856779102327,0.306138865037976,-0.273338286938202,0.894857144309048
0.18,4.80766996236285,43.220587000511,-0.0479,0.440838997508396,0.272123435589271,-0.18897460804836,0.468687104943567
0.2,4.85665117926592,43.2205800006308,-0.053223,0.489820214911649,0.244906087016264,-0.136086742865036,0.264439325916619
0.22,4.90563339763117,43.2205680007633,-0.058545,0.53880243474678,0.222646453796053,-0.101180151000959,0.158666326654896
0.24,4.95461561599641,43.2205520009084,-0.063867,0.587784655725168,0.204092587409949,-0.0773077766087656,0.0994682266341395
0.26,5.00359783436165,43.2205310010661,-0.069189,0.636766878591977,0.188393164872341,-0.060382394375415,0.0650976239744254
0.28,5.05258005126473,43.2205060012364,-0.074512,0.685749101874835,0.174936511724493,-0.0480594755280266,0.0440104244549586
0.3,5.10156126962997,43.2204760014194,-0.079834,0.734730329427159,0.163270758507749,-0.0388858440558148,0.0305787715740394
0.32,5.15054348799522,43.2204420016149,-0.085156,0.783712559592467,0.153069469266585,-0.0318790288786383,0.0218962974286764
0.34,5.1995257048983,43.2204030018231,-0.090479,0.832694792021422,0.144065389496928,-0.0264825875578138,0.0158718862377191
0.36,5.24850792326354,43.2203590020439,-0.095801,0.881677030148738,0.136061772575878,-0.0222322692251405,0.0118064398129814
0.38,5.29748914162879,43.2203110022773,-0.101123,0.930658272032966,0.128898004958495,-0.0188520200457427,0.00889539257736257
0.4,5.34647135999403,43.2202590025233,-0.106445,0.979640517999796,0.122455614917074,-0.0161059751035523,0.00686511235547624
0.42,5.39545357689711,43.220201002782,-0.111768,1.02862276924155,0.116624407718466,-0.0138838266633544,0.00529082961951872
0.44,5.44443579526236,43.2201400030532,-0.11709,1.07760502558962,0.111323309881969,-0.0120479496284016,0.00417244780671078
0.46,5.4934170136276,43.2200730033371,-0.122412,1.12658628977814,0.106481009105483,-0.010526740818447,0.00330697567381452
0.48,5.54239923199285,43.2200030036336,-0.127734,1.17556855816109,0.102046392464477,-0.00923878466876195,0.00268324197851045
0.5,5.59138144889594,43.2199270039427,-0.133057,1.22455083402383,0.0979645517254836,-0.00816368147798779,0.00215020638154832
0.52,5.64036366726118,43.2198470042644,-0.138379,1.27353311771834,0.094196699412516,-0.00724586983262989,0.00176502239491905
0.54,5.68934488562643,43.2197630045988,-0.143701,1.32251440811057,0.0907060933189458,-0.00646408535846344,0.00144774902623417
0.56,5.73832710252952,43.2196740049458,-0.149024,1.37149670586883,0.087468388854041,-0.00578161511590136,0.001218696861718
0.58,5.78730932089477,43.2195800053053,-0.154346,1.42047901442931,0.0844522561387459,-0.00520022881947432,0.00100239016625352
0.6,5.83629153926002,43.2194820056775,-0.159668,1.46946133082929,0.0816371939999724,-0.00469177023128921,0.000847430980308512
0.62,5.88527275762527,43.2193800060623,-0.16499,1.5184426553976,0.0790021364004944,-0.00425009290238379,0.000712382788557135
0.64,5.93425497452835,43.2192720064598,-0.170313,1.56742499136328,0.0765348999463839,-0.00385505695954769,0.000617243660681398
0.66,5.98323719289361,43.2191610068698,-0.175635,1.61640733549757,0.0742156729307464,-0.00351398032672352,0.000516782777006319
0.68,6.03221841125886,43.2190440072924,-0.180957,1.66538869359885,0.0720314089724666,-0.00321215287982319,0.000443863892500497
0.7,6.08120062962411,43.2189230077277,-0.186279,1.714371061415,0.0699748111659204,-0.00293799686649453,0.000391651447612367
0.72,6.1301828465272,43.2187980081756,-0.191602,1.76335343781334,0.0680310783310388,-0.00269962893733555,0.000331066568276356
0.74,6.17916406489246,43.2186680086361,-0.196924,1.81233482869218,0.0661910687551805,-0.00248649942683555,0.000288012852027027
0.76,6.22814628325771,43.2185340091092,-0.202246,1.8613172303468,0.0644505284929243,-0.00229018455560032,0.000258309041098991
0.78,6.27712750162297,43.2183940095949,-0.207568,1.91029864878695,0.0627966903078824,-0.0021203053654383,0.000217793833541049
0.8,6.32610971852606,43.2182510100933,-0.212891,1.95928107442716,0.061228032050268,-0.00196082282201798,0.000199353179275406
0.82,6.38559577094737,43.2180700110181,-0.22243,2.01876740221209,0.0725443021767396,0.0138003294225264,0.0192209173713955
0.84,6.49454178772369,43.2177030141229,-0.251827,2.12771403712179,0.129698374892502,0.0680405627568606,0.0645717063503979
0.86,6.60348780303788,43.2172790176128,-0.281225,2.23666087748846,0.126682372519381,-0.00350697950362936,-0.083194816581965
0.88,6.71243281981427,43.2168000214875,-0.310622,2.34560694725555,0.123802352008053,-0.00327275058105483,0.00026616923019832
0.9,6.82137883659069,43.216264025747,-0.340019,2.4545542825276,0.12105259474673,-0.00305528584591493,0.000241627483488778
0.92,6.93032385190499,43.2156730303917,-0.369417,2.56350090081997,0.118420237274312,-0.00286125812219255,0.00021089969969824
0.94,7.03926886868149,43.2150260354211,-0.398814,2.67244783874355,0.115900997791045,-0.00268004200347577,0.000192783105017854
0.96,7.14821388545804,43.2143230408354,-0.428211,2.78139512361945,0.113486755079064,-0.00251483615831423,0.000172089422043267
0.98,7.25715790223464,43.2135640466346,-0.457608,2.89034178425491,0.111170061872915,-0.00236397265933567,0.000153942345896497
1,7.36610091754914,43.2127490528189,-0.487006,2.9992878479779,0.108946063722987,-0.00222399814992734,0.000139974509408328
1.02,7.47504493432585,43.2118780593879,-0.516403,3.10823534643932,0.106811273001394,-0.00209293207999384,0.00012849614699363
1.04,7.58398795110262,43.2109510663419,-0.5458,3.2171823070235,0.104756692869408,-0.00197555781921663,0.000112859866131927
1.06,7.6929299664173,43.209968073681,-0.575198,3.32612875705926,0.102779669845054,-0.00186511606071133,0.000104190338212547
1.08,7.8018719831942,43.2089300814048,-0.604595,3.43507571868456,0.100876816319723,-0.00176190141234366,9.55691188589593E-05
1.1,7.91081299997118,43.2078350895134,-0.633992,3.54402223833362,0.0990422905900562,-0.00166775066333352,8.55915900092154E-05
1.12,8.01975401674823,43.206684098007,-0.663389,3.65296933521034,0.0972741936399287,-0.00157865799118521,7.9547028703851E-05
1.14,8.12869403206319,43.2054781068858,-0.692787,3.76191602562088,0.0955672722899431,-0.00149729942981193,7.13671590993686E-05
1.16,8.2376330488404,43.2042161161493,-0.722184,3.87086235184166,0.0939192467420513,-0.00142071167921714,6.60239229265403E-05
1.18,8.34657206561769,43.2028971257976,-0.751581,3.97980935323202,0.0923279672799653,-0.00134854191702198,6.11608154196244E-05
1.2,8.46456858115985,43.2013821412366,-0.796367,4.09781559399203,0.0983385339666812,0.00500880557226326,0.00529778957440437
1.22,8.58448731981386,43.1997411587953,-0.84442,4.21774555982101,0.0983032506794915,-2.8920727204706E-05,-0.00412928385202293
1.24,8.70440405700596,43.1979991773829,-0.892474,4.33767494887158,0.0967172492343254,-0.00127903342352107,-0.00100815540025513
1.26,8.82431979566051,43.1961561969986,-0.940527,4.45760484903731,0.0951824604489947,-0.00121808633756405,4.83707031404968E-05
1.28,8.94423353285319,43.1942122176433,-0.988581,4.57753434258768,0.093694916836229,-0.00116214344747315,4.37053828835093E-05
1.3,9.06414627150834,43.1921682393159,-1.036634,4.69746450034286,0.0922539675039818,-0.00110842256326707,4.1323757081607E-05
1.32,9.18405600870166,43.1900232620175,-1.084688,4.81739342096412,0.0908552428948932,-0.00105963985537021,3.69565968915599E-05
1.34,9.30396474735747,43.1877782857472,-1.132741,4.93732317342148,0.0894998152666869,-0.00101151315537778,3.59154477555398E-05
1.36,9.42387248455148,43.1854323105058,-1.180795,5.05725385773046,0.0881843266977804,-0.000967271006548914,3.25309917859334E-05
1.38,9.54377722320802,43.1829853362924,-1.228848,5.17718356228732,0.0869055830122146,-0.000926625859105701,2.94530053936326E-05
1.4,9.66367996040279,43.180438363108,-1.276902,5.29711334782535,0.0856641325271661,-0.000886750346463209,2.84825090303512E-05
1.42,9.78357969906012,43.1777903909516,-1.324955,5.41704232300081,0.0844570247714526,-0.000850075884305256,2.58270860267277E-05
1.44,9.90347843625569,43.1750414198242,-1.373009,5.53697256949165,0.0832848933964162,-0.000813980121553054,2.50665019112512E-05
1.46,10.0233741749139,43.1721924497247,-1.421062,5.65690215207667,0.0821435497157655,-0.000781742247021041,2.2080735980831E-05
1.48,10.1432679121103,43.1692434806544,-1.469116,5.77683215098232,0.0810337830443616,-0.000749842345543178,2.15539874850426E-05
1.5,10.2631586507694,43.1661925126118,-1.517169,5.89676170372983,0.0799530351650017,-0.000720498586239941,1.95625062021579E-05
1.52,10.383043393456,43.1630375470272,-1.567271,6.01668795330382,0.0788988484039424,-0.000693543921749492,1.77333319016109E-05
1.54,10.5029092000239,43.1597425904384,-1.628272,6.1365990383756,0.0778643409557041,-0.000671758083271667,1.41466483622242E-05
1.56,10.6227710051305,43.1563196355078,-1.689274,6.25650970905948,0.0768658145409458,-0.000640081035101481,2.03058001090934E-05
1.58,10.7426298117,43.1527696822339,-1.750275,6.37642107499502,0.0758932695794553,-0.000615534785753448,1.55356008531852E-05
1.6,10.8624836182705,43.1490917306173,-1.811276,6.4963313009039,0.074943891193053,-0.000593361491501437,1.38583089075069E-05
1.62,10.9823344233797,43.145285780659,-1.872278,6.61624252114792,0.0740192717555641,-0.000570752739190675,1.39560199449149E-05
1.64,11.102181229952,43.1413528323572,-1.933279,6.73615384308177,0.0731166597157639,-0.000550373195000149,1.24265513356869E-05
1.66,11.2220230350631,43.1372908857138,-1.994281,6.85606446672632,0.0722353154485259,-0.000530930281468651,1.17125985129505E-05
1.68,11.3418608416374,43.1331029407268,-2.055282,6.97597542855947,0.0713755725197311,-0.000511751743330256,1.14157965109495E-05
1.7,11.4616936482127,43.1287859973973,-2.116283,7.09588596826066,0.0705356115889349,-0.000494094665174214,1.03865165623776E-05
1.72,11.581522453327,43.1243420557261,-2.177285,7.21579714852623,0.069715802479982,-0.000476633202879589,1.0152012961991E-05
1.74,11.7013462599045,43.1197701157114,-2.238286,7.33570814576259,0.0689143662277944,-0.000460595547234297,9.21704347430597E-06
1.76,11.8211650664831,43.115071177354,-2.299287,7.45561905615699,0.0681311990877243,-0.000444981329585274,8.87171457330846E-06
1.78,11.9409778716007,43.1102432406551,-2.360289,7.57552909428108,0.0673651899573569,-0.000430342208071547,8.22422556950935E-06
1.8,12.0607866781817,43.1052893056125,-2.42129,7.69544027644006,0.0666173234216558,-0.00041548140872283,8.25599963817605E-06
1.82,12.1805894833017,43.1002063722285,-2.482292,7.81535086115391,0.0658849366559588,-0.000402410310822539,7.18192192323686E-06
1.84,12.3003872898852,43.0949964405007,-2.543293,7.93526190255883,0.065169044241809,-0.000389071964211874,7.24910141883948E-06
1.86,12.4201721438841,43.089642515951,-2.609049,8.05516634682856,0.0644647549837225,-0.000378650138756134,5.60313196545161E-06
1.88,12.539941804042,43.084130599194,-2.679725,8.1750627717989,0.0637746941331631,-0.000367053643914608,6.16834831996107E-06
1.9,12.6597044656639,43.0784696846605,-2.7504,8.29495914819163,0.0631033559961707,-0.000353335861574953,7.21988544192342E-06
1.92,12.7794611258254,43.0726607723531,-2.821076,8.41485660902899,0.0624465941861238,-0.00034206344273274,5.87105148031911E-06
1.94,12.8992097859889,43.0667048622705,-2.891752,8.53475329153463,0.0618024136627008,-0.000332051816197405,5.16063223470898E-06
1.96,13.0189504476165,43.0606009544114,-2.962427,8.65464942882923,0.0611714986196943,-0.00032189543010538,5.18182963878812E-06
1.98,13.1386851077839,43.0543490487784,-3.033103,8.77454719848928,0.0605544291212396,-0.000311651261845829,5.17382235330897E-06
2,13.2584107694156,43.0479491453689,-3.103778,8.894443790671,0.0599482960908589,-0.000303066515190322,4.29237332775324E-06
2.02,13.3781284295872,43.0414022441855,-3.174454,9.0143403297039,0.0593547222935133,-0.000293848414527514,4.56341616970694E-06
2.04,13.4978380897609,43.034706345227,-3.24513,9.13423710948458,0.0587729312650392,-0.000285191680624601,4.24349701123181E-06
2.06,13.617539751399,43.0278634484917,-3.315805,9.25413420300504,0.0582024725827473,-0.000276921690432917,4.0145583454777E-06
2.08,13.7372324115772,43.0208725539828,-3.386481,9.37403084810642,0.0576426178372044,-0.000269160935357189,3.73113224794642E-06
2.1,13.8569160732199,43.0137336616971,-3.457156,9.49392723106796,0.0570935156959701,-0.00026147721011159,3.65891678361827E-06
2.12,13.9765917334027,43.0064477716377,-3.527832,9.61382446971069,0.0565553012465746,-0.000253874740280871,3.58607067486755E-06
2.14,14.0962573935879,42.9990138838032,-3.598508,9.73372081208986,0.0560263282145622,-0.000247183659818889,3.12667311307569E-06
2.16,14.2159150552377,42.9914319981918,-3.669183,9.85361843917617,0.0555081606881061,-0.000239892373359274,3.37559558315519E-06
2.18,14.3355617154279,42.9837021148069,-3.739859,9.97351453749384,0.0549982102374652,-0.000233922225064675,2.738600135137E-06
2.2,14.4551954015818,42.9758022370998,-3.812569,10.0934087697594,0.0544973783025401,-0.000227650879511376,2.85061161513614E-06
2.22,14.5748174560842,42.9677443624951,-3.885711,10.2133019107914,0.0540059193837824,-0.000221377891332326,2.82567035092313E-06
2.24,14.6944295120515,42.9595334902713,-3.958852,10.3331954567204,0.0535239044325651,-0.000215185246079134,2.7645737737465E-06
2.26,14.8140305665596,42.9511706204321,-4.031994,10.453088533382,0.0530500339210775,-0.000209677217472388,2.43718079944525E-06
2.28,14.9336216210706,42.9426547529757,-4.105136,10.5729824044413,0.0525850311663722,-0.000203948576625155,2.51256177510223E-06
2.3,15.0532006755846,42.9339858879021,-4.178278,10.6928752712021,0.0521273333742642,-0.000198999040046946,2.15197242530805E-06
2.32,15.1727687301016,42.9251640252112,-4.25142,10.8127683273911,0.0516780414607461,-0.000193660307550899,2.30117780002049E-06
2.34,15.2923257846218,42.9161901649031,-4.324562,10.9326616944067,0.0512364816306254,-0.000188700782102846,2.11945531968045E-06
2.36,15.411871839145,42.9070623069778,-4.397704,11.0525557182043,0.0508025524566108,-0.000183868294074013,2.04766441899731E-06
2.38,15.5314048936714,42.8977824514353,-4.470846,11.1724484487734,0.050375096877766,-0.000179603184388556,1.79206289304896E-06
2.4,15.6509269482011,42.8883505982756,-4.543988,11.2923420740127,0.0499556771830457,-0.00017475820613347,2.01874093961944E-06
2.42,15.7704370027341,42.8787647474986,-4.61713,11.4122359507104,0.0495429242552331,-0.000170559061079558,1.73518390657503E-06
2.44,15.8899340587326,42.8690268991023,-4.690271,11.5321291201726,0.0491365448615644,-0.00016654893183146,1.64349559348278E-06
2.46,16.0094181132723,42.8591360530909,-4.763413,11.652021856083,0.0487368845164167,-0.000162463554938089,1.66072231437861E-06
2.48,16.1288901678155,42.8490932094622,-4.836555,11.7719152692671,0.0483441182193759,-0.000158373506871289,1.64921293016105E-06
2.5,16.2483492223622,42.8388973682164,-4.909697,11.8918086422778,0.0479573492043165,-0.000154707606023738,1.46636033902057E-06
2.52,16.3677971280095,42.8285395265439,-4.981573,12.0117047933738,0.0475778377365023,-0.000150599788815193,1.63008619386702E-06
2.54,16.4872368842449,42.8179906720189,-5.046712,12.1316094792762,0.0472065692529213,-0.000146168694323218,1.74452539054116E-06
2.56,16.606664639021,42.807305819386,-5.111852,12.2515142526869,0.0468378021135254,-0.000144049663826509,8.27746287777301E-07
2.58,16.7260803952623,42.7964849686408,-5.176991,12.371419271971,0.0464748136760011,-0.000140693192838874,1.30095774714499E-06
2.6,16.8454841515065,42.7855281197854,-5.24213,12.4913246911232,0.046117468904695,-0.000137440296656194,1.25111391641552E-06
2.62,16.9648749077537,42.7744362728199,-5.307269,12.6112295773722,0.0457652237591704,-0.000134444712032293,1.14335290988599E-06
2.64,17.084253664004,42.7632074277443,-5.372408,12.731135267002,0.0454188218294704,-0.000131212852159086,1.22418934591172E-06
2.66,17.2036194202574,42.7518435845585,-5.437547,12.8510407326735,0.0450772427336338,-0.000128413193923541,1.05250309606966E-06
2.68,17.3229711765139,42.7403437432626,-5.502686,12.9709452282995,0.044740483442566,-0.000125656451890955,1.02863508678571E-06
2.7,17.4423109313114,42.7287079038591,-5.567826,13.090850898865,0.0444095076168425,-0.00012258363915686,1.13807879040558E-06
2.72,17.5616366875743,42.7169360663429,-5.632965,13.2107559123808,0.044082725557266,-0.000120140463079604,8.9822649899124E-07
2.74,17.6809494438404,42.7050292307167,-5.698104,13.3306613190247,0.0437610973153095,-0.000117382570057135,1.0065303001711E-06
2.76,17.8002482001098,42.6929863969803,-5.763243,13.4505663776829,0.0434438618326849,-0.000114940392255284,8.84847029655915E-07
2.78,17.9195329563825,42.6808075651338,-5.828382,13.5704712442405,0.0431312469631543,-0.000112451391917483,8.95323862518483E-07
2.8,18.0388047126586,42.6684937351772,-5.893521,13.6903769665951,0.042823472269504,-0.000109919533446529,9.0423516819807E-07
2.82,18.1580614674759,42.6560429071131,-5.958661,13.8102819151545,0.0425194853047602,-0.000107796796008419,7.52743772379158E-07
2.84,18.2773042237588,42.6434570809362,-6.0238,13.9301870357562,0.042220112887907,-0.000105412822835645,8.39427173512094E-07
2.86,18.3965447785777,42.6307122292237,-6.078818,14.0501067637358,0.0419299748180306,-0.000101446877579151,1.38669414562737E-06
2.88,18.5157876422255,42.6178383502797,-6.123366,14.1700425686065,0.0416443766912201,-9.91660162536498E-05,7.91965738021122E-07
2.9,18.6350195073371,42.6048714722168,-6.167913,14.2899774575449,0.041356858254646,-9.91442884738432E-05,7.49233786433988E-09
2.92,18.7542413709882,42.5918115950406,-6.212461,14.4099124948122,0.0410736428997408,-9.69915598990288E-05,7.37235813292612E-07
2.94,18.8734532346409,42.5786597187483,-6.257009,14.5298476451459,0.0407942688209926,-9.50251968531273E-05,6.68830967993699E-07
2.96,18.9926550982954,42.5654138433399,-6.301557,14.6497832008166,0.0405187688076505,-9.30743288317822E-05,6.5907703423821E-07
2.98,19.1118469634137,42.5520769688125,-6.346104,14.7697189041435,0.0402468803110653,-9.12377505319608E-05,6.16301442893115E-07
3,19.2310278270715,42.5386460951719,-6.390652,14.8896541643007,0.0399784200524071,-8.94867528860542E-05,5.83665881968863E-07
3.02,19.3501976907311,42.5251232224152,-6.4352,15.0095888319004,0.0397134660925925,-8.77330992763764E-05,5.80680003204568E-07
3.04,19.4693575543924,42.5115073505424,-6.479748,15.1295240855777,0.0394523860780549,-8.58815837294591E-05,6.09051166749115E-07
3.06,19.5885074195176,42.4977984795506,-6.524295,15.2494599997286,0.0391947431865858,-8.41970233559407E-05,5.50509925986383E-07
3.08,19.7076452831824,42.4839976094456,-6.568843,15.3693945426021,0.0389397866472292,-8.27780971936906E-05,4.60690312418877E-07
3.1,19.8267731468489,42.4701037402245,-6.613391,15.4893298897842,0.0386888216716487,-8.09564437356511E-05,5.87630147754662E-07
3.12,19.9458900105173,42.4561168718873,-6.657939,15.6092651210387,0.0384407792482316,-7.95007767362312E-05,4.66559935711509E-07
3.14,20.0649968741874,42.442037004434,-6.702487,15.7292013025722,0.0381962361571698,-7.7879965306329E-05,5.16181984045285E-07
3.16,20.1840917393215,42.4278651378616,-6.747034,15.849136404621,0.0379541462179764,-7.6610740251051E-05,4.01653498505698E-07
3.18,20.3031756029953,42.4136012721761,-6.791582,15.9690714889448,0.0377154353219605,-7.50663195018761E-05,4.85666902256277E-07
3.2,20.4222964870625,42.3992393055444,-6.802604,16.0890550340936,0.0374948578590031,-6.89304571741814E-05,1.9174569774046E-06
3.22,20.5414267817123,42.3848603173703,-6.806506,16.2090499606708,0.0372655051481944,-7.12275499405875E-05,-7.13382846709985E-07
3.24,20.6605550749,42.3704733292061,-6.810409,16.3290438591251,0.037035153843902,-7.10960815717114E-05,4.05766570605254E-08
3.26,20.7796833680877,42.3560783410487,-6.814312,16.4490387170227,0.0368082386188964,-6.96058972409876E-05,4.57111757890747E-07
3.28,20.8988096627375,42.3416753528951,-6.818214,16.5690325508008,0.0365834859079533,-6.85221679704693E-05,3.30405265401904E-07
3.3,21.0179359559253,42.3272633647512,-6.822117,16.6890274637384,0.036362094829582,-6.70882055670513E-05,4.34534061641838E-07
3.32,21.137060249113,42.3128443766142,-6.82602,16.8090212321031,0.0361427013146871,-6.60823840044972E-05,3.02958301974129E-07
3.34,21.2561845437629,42.2984163884808,-6.829922,16.9290160837319,0.0359266022840683,-6.47003085684978E-05,4.13795040718367E-07
3.36,21.3753068369507,42.2839814003573,-6.833825,17.0490097903021,0.0357124126696809,-6.37469090438769E-05,2.83749858518124E-07
3.38,21.4944291316006,42.2695374122376,-6.837727,17.1690045813368,0.0355014174658993,-6.242461650342E-05,3.91210810786066E-07
3.4,21.6135494247884,42.2550854241277,-6.84163,17.2889983487144,0.0352922845228327,-6.15096891372408E-05,2.69096284170363E-07
3.42,21.7326697179763,42.2406254360245,-6.845533,17.40899307987,0.035086178700453,-6.02648603449529E-05,3.63985026984769E-07
3.44,21.8517890126262,42.2261574479251,-6.849435,17.5289877840763,0.0348821814553159,-5.93015247491557E-05,2.80039417382902E-07
3.46,21.9709063058141,42.2116814598356,-6.853338,17.6489814662748,0.0346802549706803,-5.8360255675011E-05,2.72043085012906E-07
3.48,22.0900235990019,42.1971974717528,-6.857241,17.768976113852,0.0344812205681688,-5.71937938251568E-05,3.35190186739722E-07
3.5,22.209139893652,42.1827044836737,-6.861143,17.8889708568811,0.03428421229402,-5.62880783282185E-05,2.58775856268088E-07
3.52,22.3282669544246,42.1682014689217,-6.856314,18.0089774985525,0.0340927959293606,-5.43796490509757E-05,5.42167408307615E-07
3.54,22.4474679617936,42.1537453128507,-6.805015,18.129051894683,0.0339193209408302,-4.90042340481424E-05,1.51847881435969E-06
3.56,22.5666819691649,42.1393951579518,-6.753716,18.2491264819159,0.0337288166384622,-5.35124444853717E-05,-1.26635124641274E-06
3.58,22.6859089765387,42.125152004225,-6.702417,18.3692012366123,0.0335404342727202,-5.26207725536507E-05,2.49070371989127E-07
3.6,22.8051479839148,42.1110158516703,-6.651118,18.4892752624842,0.0333538960755417,-5.18161658829097E-05,2.23501852983604E-07
3.62,22.9243999912933,42.0969857002877,-6.599819,18.609349766071,0.0331697523720537,-5.08684263778933E-05,2.61806493098439E-07
3.64,23.0436649986742,42.0830625500772,-6.54852,18.7294247263973,0.0329876264632488,-5.00345903310349E-05,2.29075837049025E-07
3.66,23.1629420060574,42.0692464010389,-6.497221,18.8494992468608,0.0328072460282866,-4.92842718475745E-05,2.05005050125791E-07
3.68,23.2822310149051,42.0555362531698,-6.445921,18.9695735396401,0.0326288839074291,-4.84679676243373E-05,2.21821799792708E-07
3.7,23.4015330222929,42.0419341064756,-6.394622,19.0896484635895,0.0324526821484886,-4.76220970109314E-05,2.28613679298914E-07
3.72,23.5208460296831,42.0284379609536,-6.343323,19.2097223561575,0.0322779281096724,-4.69768921549091E-05,1.73442165597378E-07
3.74,23.6401720370755,42.0150478166037,-6.292024,19.3297972994468,0.0321055998099625,-4.6077085483931E-05,2.40590018978093E-07
3.76,23.7595090444701,42.0017656734259,-6.240725,19.4498711794595,0.0319345425565662,-4.54939503713506E-05,1.55089125686276E-07
3.78,23.8788590518669,41.9885895314202,-6.189426,19.5699463017113,0.0317659053576192,-4.46130155944437E-05,2.33051528282272E-07
3.8,23.998220059266,41.9755203905866,-6.138127,19.6900206642099,0.0315985164470035,-4.40497133199152E-05,1.48237440665397E-07
3.82,24.1175930666673,41.9625582509251,-6.086828,19.8100953574663,0.0314331657739341,-4.3285516510307E-05,2.00051520839833E-07
3.84,24.2369770740707,41.9497031124358,-6.035529,19.930169483777,0.0312693037267517,-4.26724081204359E-05,1.59663643195589E-07
3.86,24.3564190659729,41.9369838987685,-5.955516,20.0502867923794,0.0311184737311886,-3.90751283842081E-05,9.3193775549943E-07
3.88,24.4759274913813,41.9244936104127,-5.845798,20.1704461492635,0.0309689064134214,-3.85482777750662E-05,1.35786239469578E-07
3.9,24.5954599182613,41.912232327416,-5.736079,20.2906057936395,0.0308101652246078,-4.07028689265571E-05,-5.52459269613072E-07
3.92,24.7150153436886,41.9001990497837,-5.626361,20.4107652690031,0.0306529273886896,-4.0111692836265E-05,1.50810227115351E-07
3.94,24.834593769125,41.8883947775132,-5.516643,20.5309249156142,0.0304973722363142,-3.94810031409835E-05,1.60073526721182E-07
3.96,24.9541941945705,41.8768195106044,-5.406925,20.6510841789723,0.0303432483227372,-3.89201801961923E-05,1.41621955755355E-07
3.98,25.0738176200248,41.8654722490573,-5.297207,20.771244589516,0.0301910579255597,-3.82387932606913E-05,1.71202747613328E-07
4,25.1934610454878,41.854353992872,-5.187489,20.8914035046123,0.030039728774066,-3.78322878734072E-05,1.01626346821015E-07
4.02,25.3131264709592,41.8434647420484,-5.077771,21.0115633557971,0.0298905102449753,-3.71190370872625E-05,1.77425568692723E-07
4.04,25.4328128964389,41.8328044965865,-4.968053,21.1317235874772,0.0297426316039887,-3.66036240065802E-05,1.2757749521839E-07
4.06,25.5525193219267,41.8223732564864,-4.858335,21.2518836435403,0.0295960729219573,-3.60981975446674E-05,1.24489276333196E-07
4.08,25.6722447474225,41.8121700217481,-4.748617,21.3720430522825,0.0294508354760223,-3.55974132193713E-05,1.22741256200022E-07
4.1,25.791990172926,41.8021967923715,-4.638899,21.4922030798841,0.0293073238052687,-3.50028465252634E-05,1.45016266855574E-07
4.12,25.9117545984371,41.7924525683566,-4.529181,21.6123632543166,0.0291650908816802,-3.45225542690618E-05,1.16575790340206E-07
4.14,26.0315370239556,41.7829363497035,-4.419463,21.7325230973614,0.0290241166774846,-3.40517401438564E-05,1.13723218648658E-07
4.16,26.1513374494813,41.7736501364121,-4.309745,21.8526828897773,0.0288845654845935,-3.35459598295965E-05,1.21581806312468E-07
4.18,26.2711558750141,41.7645929284825,-4.200027,21.9728431498995,0.0287464737134387,-3.30363088887089E-05,1.21926062413302E-07
4.2,26.3910464102052,41.7558566649761,-4.056722,22.0930515636169,0.0286210508851102,-2.9862578173449E-05,7.55650170299978E-07
4.22,26.5109713706268,41.7474463982002,-3.906287,22.2132710658592,0.028488033706691,-3.15206583931833E-05,-3.92910004676374E-07
4.24,26.6309183310604,41.7393511415039,-3.755852,22.3334908915879,0.0283537324831866,-3.16748168642303E-05,-3.63581299639199E-08
4.26,26.7508852915056,41.7315698948874,-3.605417,22.4537099391526,0.0282204337006253,-3.12907940284777E-05,9.01462055757368E-08
4.28,26.8708732519618,41.7241036583506,-3.454982,22.5739299680266,0.0280887917929919,-3.0757455054545E-05,1.24611909797338E-07
4.3,26.9908792124286,41.7169514318934,-3.304547,22.694148872076,0.0279578846626711,-3.04435186792402E-05,7.30084593732165E-08
4.32,27.1109041729056,41.710114215516,-3.154112,22.8143684156839,0.0278285980573834,-2.99274549277255E-05,1.19459201739524E-07
4.34,27.2309471333923,41.7035910092184,-3.003677,22.9345884829889,0.0277004763375427,-2.95211336038334E-05,9.3622424859928E-08
4.36,27.3510060938881,41.6973828130004,-2.853242,23.0548078478834,0.0275732488290087,-2.9180621223393E-05,7.80991698257869E-08
4.38,27.4710810543928,41.6914886268622,-2.702807,23.1750273869376,0.027447383345726,-2.87364117083793E-05,1.014176974917E-07
4.4,27.5911710149057,41.6859094508036,-2.552372,23.2952468771274,0.0273226114067687,-2.83572588539318E-05,8.61711032835199E-08
4.42,27.7112759754265,41.6806452848248,-2.401937,23.4154671457395,0.0271991557945781,-2.79311339797671E-05,9.64083425712048E-08
4.44,27.8313939374168,41.6756961289247,-2.251501,23.5356870232008,0.0270765489777905,-2.761414792515E-05,7.13932555443873E-08
4.46,27.9515238979519,41.6710609831054,-2.101066,23.6559063727038,0.0269550110993252,-2.72506453957936E-05,8.1502809272738E-08
4.48,28.0716658584934,41.6667418473658,-1.950631,23.7761259452214,0.0268347260083761,-2.6849350658296E-05,8.95747181914294E-08
4.5,28.1918188190409,41.6627367217059,-1.800196,23.8963456397805,0.026715487679799,-2.6497406350459E-05,7.82098461859979E-08
4.52,28.3119852623474,41.6590616048787,-1.648063,24.0165682690174,0.0265979268223265,-2.60090392638371E-05,1.08045815624322E-07
4.54,28.432176916306,41.6557924923584,-1.486895,24.1368043733204,0.0264837234147718,-2.51549355847331E-05,1.88128563679296E-07
4.56,28.5523765717321,41.6528613914067,-1.325726,24.2570397612781,0.0263674096398306,-2.55074067853565E-05,-7.72963159261902E-08
4.58,28.6725842257006,41.650267302025,-1.164558,24.3772754023016,0.0262523233675813,-2.51280070413175E-05,8.2838372060927E-08
4.6,28.7927978796732,41.6480112242127,-1.00339,24.4975102245809,0.0261380048433359,-2.4851853096832E-05,6.00334661924988E-08
4.62,28.9130185336494,41.6460921579697,-0.842222,24.6177461944805,0.0260251017098733,-2.44379076758874E-05,8.95985759620331E-08
4.64,29.0332441890907,41.6445101032958,-0.681053,24.7379822586347,0.0259129448608086,-2.41717347122137E-05,5.73648628607101E-08
4.66,29.1534728430722,41.6432660601915,-0.519885,24.8582173486935,0.0258015214718536,-2.3910598488201E-05,5.6037816311721E-08
4.68,29.2737054970556,41.6423600286566,-0.358717,24.978453416398,0.0256914674582122,-2.35158148806504E-05,8.43554716988532E-08
4.7,29.3939391525024,41.6417910086909,-0.197548,25.0986884183143,0.0255819153013464,-2.33089695459143E-05,4.40096456885449E-08
4.72,29.5141748064877,41.6415600002947,-0.03638,25.2189242942173,0.0254737025218189,-2.29264363405679E-05,8.10451706242199E-08
4.74,29.6344104604731,41.6416660034679,0.124788,25.3391599949304,0.0253661815850529,-2.26837419337439E-05,5.12013516506492E-08
4.76,29.7546451159203,41.6421100182105,0.285957,25.4593954702262,0.0252595536335594,-2.24008301457093E-05,5.94352495870864E-08
4.78,29.8748777699043,41.6428920445224,0.447125,25.5796306674406,0.0251538069486236,-2.21227374342575E-05,5.81783915171215E-08
4.8,29.9951084238868,41.6440110824036,0.608293,25.6998665289912,0.0250491378230478,-2.18060678283035E-05,6.59728345737407E-08
4.82,30.115335077867,41.6454671318542,0.769461,25.8201019996615,0.0249451183963185,-2.15807939272316E-05,4.67373238738402E-08
4.84,30.2355577333068,41.6472611928745,0.93063,25.9403380405807,0.0248421572147137,-2.12729714059467E-05,6.35996944803597E-08
4.86,30.3557613712211,41.6494202614825,1.08358,26.0605610672649,0.0247372482889233,-2.15861987223174E-05,-6.44500650968501E-08
4.88,30.4759465792801,41.6519193358443,1.228029,26.1807722548009,0.0246334400688648,-2.12721762414816E-05,6.43488690237248E-08
4.9,30.5961257873355,41.6547214194995,1.372478,26.3009841249371,0.024533034721673,-2.04908871820051E-05,1.59446746831929E-07
4.92,30.716295995387,41.6578255124483,1.516927,26.4211944169099,0.0244329861733356,-2.03350708002793E-05,3.16699962857508E-08
4.94,30.8364592034343,41.6612326146906,1.661376,26.5414059176655,0.0243343118938318,-1.9974550506846E-05,7.29798164844585E-08
4.96,30.9566134114769,41.6649407262264,1.805825,26.6616173306074,0.0242361719640993,-1.97862761557403E-05,3.79585385293707E-08
4.98,31.0767576195143,41.6689528470557,1.950274,26.78182851078,0.0241387911993196,-1.95543704377066E-05,4.65674132597926E-08
5,31.1968908275462,41.6732659771785,2.094723,26.9020391208088,0.0240421220057604,-1.93338387118269E-05,4.41063451759314E-08
5.02,31.3170130355722,41.6778821165948,2.239172,27.0222499922146,0.0239463887262618,-1.90703744021119E-05,5.24829302221065E-08
5.04,31.4371232435918,41.6828002653046,2.383621,27.1424608496995,0.0238513606120831,-1.88547845592648E-05,4.27757624696664E-08
5.06,31.5572214516048,41.688021423308,2.52807,27.2626724966345,0.0237572424772577,-1.86004219022629E-05,5.02692998027597E-08
5.08,31.6773046596105,41.6935445906048,2.672519,27.3828826551983,0.0236634170401231,-1.84695742390948E-05,2.57574140094616E-08
5.1,31.7973748676087,41.6993687671952,2.816968,27.503094035199,0.0235708588236738,-1.8148669892014E-05,6.29224209962419E-08
5.12,31.9174290755989,41.705495953079,2.961417,27.6233044975682,0.0234786059314793,-1.80181430067477E-05,2.54935322785609E-08
5.14,32.0374682835807,41.7119261482564,3.105866,27.7435158067821,0.0233874142439506,-1.77415734491549E-05,5.38073069246671E-08
5.16,32.1574904915537,41.7186573527272,3.250315,27.8637266196084,0.0232966691523757,-1.75862580571505E-05,3.00998821714008E-08
5.18,32.2774956995176,41.7256905664916,3.394764,27.9839377506832,0.0232067820607837,-1.73527203845583E-05,4.5084492778418E-08
5.2,32.3974425592094,41.7330267472892,3.512302,28.1041087484266,0.0231098072583395,-1.86490004700413E-05,-2.49284631823657E-07
5.22,32.5173670670212,41.7406019250125,3.624128,28.224272265733,0.0230198309016086,-1.72368499484417E-05,2.70526919846674E-07
5.24,32.6372755733647,41.7484121083039,3.735953,28.3444348591495,0.022931792636733,-1.6801195586957E-05,8.31401453215039E-08
5.26,32.7571700797019,41.756454297165,3.847778,28.4645987865633,0.0228448531204955,-1.65284251402075E-05,5.18574993820374E-08
5.28,32.8770475874947,41.7647314915975,3.959604,28.5847617127189,0.0227581299537186,-1.64248421925806E-05,1.96179825051017E-08
5.3,32.9969090938186,41.7732416915979,4.071429,28.7049249525316,0.0226723093986231,-1.61925575651994E-05,4.38272881851297E-08
5.32,33.1167536015978,41.7819858971698,4.183255,28.8250880382773,0.0225870461927909,-1.60269183895003E-05,3.11351834020807E-08
5.34,33.2365801079077,41.7909631083096,4.29508,28.9452503532279,0.0225023061705249,-1.58689180273482E-05,2.9588082800014E-08
5.36,33.3563896142103,41.800174325019,4.406905,29.065413427064,0.0224184839246519,-1.56384787076537E-05,4.29924103907612E-08
5.38,33.4761811219676,41.8096195473001,4.518731,29.1855767224362,0.0223351850134212,-1.54830690019807E-05,2.88865623927681E-08
5.4,33.5959536282551,41.8192977751489,4.630556,29.3057396175273,0.0222523879798359,-1.53327839972778E-05,2.78305564264503E-08
5.42,33.7157071359969,41.8292090085695,4.742382,29.4259025700725,0.0221702864474539,-1.51478842033218E-05,3.41143531284174E-08
5.44,33.8354416422685,41.8393542475576,4.854207,29.5460661164009,0.0220888871927262,-1.49630982955376E-05,3.3967997754454E-08
5.46,33.9551551485318,41.8497324921154,4.966032,29.6662286377708,0.0220077877966789,-1.48533692394253E-05,2.00968967238601E-08
5.48,34.0748486562489,41.8603437422451,5.077858,29.7863915872142,0.0219275455188677,-1.46427514254082E-05,3.84339076673502E-08
5.5,34.1945211624952,41.8711879979423,5.189683,29.9065544210394,0.0218477879682137,-1.45013728461871E-05,2.57051962220204E-08
5.52,34.3141628402003,41.8822662449597,5.29547,30.0267079003942,0.0217669346657271,-1.46473374069803E-05,-2.64428552161553E-08
5.54,34.4337405488787,41.8935314199124,5.369134,30.1468150716185,0.0216799948058281,-1.56931155052385E-05,-1.887686097939E-07
5.56,34.5533042560911,41.9049495972795,5.442797,30.2669227518756,0.0216021007656665,-1.40097194535224E-05,3.02769074049662E-07
5.58,34.6728529632994,41.9165207770635,5.51646,30.3870301438079,0.021524622210084,-1.38850458033177E-05,2.2342948065348E-08
5.6,34.7923866705037,41.9282459592644,5.590123,30.5071375418133,0.0214477496438299,-1.37272439739411E-05,2.81788981029712E-08
5.62,34.911904379166,41.9401251438846,5.663787,30.6272441515862,0.0213712828777324,-1.36061861383468E-05,2.15405401413302E-08
5.64,35.0314070863619,41.9521573309191,5.73745,30.7473510645929,0.0212955519515435,-1.34274691824345E-05,3.1687403530549E-08
5.66,35.1508947935537,41.9643425203706,5.811113,30.867458479068,0.0212203912500289,-1.32792758859793E-05,2.61825612111723E-08
5.68,35.2703665007411,41.9766827122388,5.884776,30.9875658025485,0.0211456555423291,-1.31576950175578E-05,2.14050824685774E-08
5.7,35.3898222093865,41.9891749065266,5.95844,31.1076729265923,0.0210714252708436,-1.30228546465818E-05,2.36562054343826E-08
5.72,35.5092619165652,42.0018211032285,6.032103,31.2277802533545,0.0209977843989923,-1.28742782956859E-05,2.59748865202508E-08
5.74,35.6286846237395,42.0146203023473,6.105766,31.3478868830088,0.020924499939781,-1.2767327388729E-05,1.86325621876275E-08
5.76,35.7480913323715,42.0275735038858,6.17943,31.4679941163315,0.0208519502296235,-1.25954357912297E-05,2.98422912325116E-08
5.78,35.8674810395368,42.0406797078383,6.253093,31.588101046852,0.020779745764791,-1.24921219433376E-05,1.78743681474233E-08
5.8,35.9868537466974,42.0539399142077,6.326756,31.7082079837367,0.020708092566327,-1.235399973517E-05,2.38141738219917E-08
5.82,36.1062094538534,42.0673531229939,6.400419,31.8283150151739,0.0206369469823341,-1.22243271465573E-05,2.22805135073502E-08
5.84,36.2255481624669,42.0809193341999,6.474083,31.9484223399297,0.0205663227321693,-1.20931935213664E-05,2.24543878751535E-08
5.86,36.3448422128435,42.0946294927364,6.528831,32.0685016424858,0.0204913485590566,-1.27942274936294E-05,-1.19630370693358E-07
5.88,36.4640986575058,42.1084225953252,6.564015,32.1885530867608,0.0204169122916752,-1.26592291464935E-05,2.29589025741453E-08
5.9,36.5833461007049,42.1222886984623,6.599198,32.3086039989845,0.0203476122412948,-1.17457712509233E-05,1.54823372130531E-07
5.92,36.702585545365,42.1362288021538,6.634382,32.4286555364748,0.0202789759274145,-1.15939719392306E-05,2.56417756237732E-08
5.94,36.821815990024,42.1502419063966,6.669566,32.5487066340296,0.0202106224839696,-1.15073137112765E-05,1.45889272650023E-08
5.96,36.941037434682,42.1643280111908,6.70475,32.6687573367122,0.0201427353494325,-1.13904588149426E-05,1.96065262305221E-08
5.98,37.0602508778766,42.1784871165334,6.739933,32.7888086811545,0.0200754756592548,-1.12474398290439E-05,2.39162183777058E-08
6,37.1794553225322,42.1927202224303,6.775117,32.9088598407871,0.020008526605433,-1.11581756369744E-05,1.48773653449125E-08
6.02,37.2986507671867,42.2070253288786,6.810301,33.0289106221127,0.0199419902534176,-1.10525501686668E-05,1.75457588550838E-08
6.04,37.4178382103779,42.2214044358751,6.845484,33.1489622998705,0.0198761055890471,-1.09080570149768E-05,2.39227075645638E-08
6.06,37.5370156550301,42.2358565434261,6.880668,33.2690128172642,0.0198103164015999,-1.08563015589537E-05,8.5405042942529E-09
6.08,37.6561850996811,42.2503816515285,6.915852,33.3890642033613,0.0197452937659633,-1.06945124402212E-05,2.66100524231063E-08
6.1,37.775345544331,42.2649797601822,6.951036,33.5091155104988,0.019680542153691,-1.06150184052929E-05,1.30318090046352E-08
6.12,37.8944959875176,42.2796518693842,6.986219,33.6291659119974,0.0196160786762502,-1.05332479478436E-05,1.33611858577286E-08
6.14,38.0136384321651,42.2943959791406,7.021403,33.74921719641,0.0195523264515566,-1.038309848431E-05,2.44543100217647E-08
6.16,38.1327718768115,42.3092140894484,7.056587,33.8692686604844,0.0194888740380491,-1.03007164784797E-05,1.3373702245168E-08
6.18,38.2518953199945,42.3241042003044,7.09177,33.9893191087013,0.0194256388700514,-1.02322278313454E-05,1.10823053615394E-08
6.2,38.3709626903914,42.3390702097477,7.094759,34.1093233591755,0.0193555242700324,-1.13088064546874E-05,-1.73641713442252E-07
6.22,38.4900210683854,42.3540351976008,7.090914,34.2293185600462,0.0192918329374184,-1.02397640858409E-05,1.71871763480138E-07
6.24,38.6090794463794,42.3689931854604,7.087069,34.3493128881263,0.0192298602692339,-9.93151733726203E-06,4.93985174004647E-08
6.26,38.7281388243734,42.3839421733267,7.083224,34.4693070868466,0.019168402351495,-9.8175587442304E-06,1.82042480881204E-08
6.28,38.8471992023674,42.3988831611995,7.079379,34.5893012814007,0.0191073558207157,-9.72078515595347E-06,1.54098070504654E-08
6.3,38.9662605803613,42.4138161490789,7.075534,34.7092954723302,0.0190466969729374,-9.62838853622993E-06,1.46661301148489E-08
6.32,39.0853239583553,42.4287421369649,7.071689,34.8292907767955,0.0189865988077909,-9.50920334596168E-06,1.8858416181684E-08
6.34,39.2043873363492,42.4436591248575,7.067844,34.9492849621009,0.0189265276506983,-9.47494591366825E-06,5.40338048792385E-09
6.36,39.3234517143432,42.4585681127566,7.063999,35.0692791454068,0.0188670099537625,-9.35812844902722E-06,1.83675258869535E-08
6.38,39.4425170923371,42.4734691006624,7.060154,35.1892733272549,0.0188078654934361,-9.27029158719738E-06,1.37675332021695E-08
6.4,39.5615834688688,42.4883630885715,7.056308,35.3092676308541,0.0187491099373612,-9.18055563671482E-06,1.40212422628994E-08
6.42,39.6806518468627,42.5032480764905,7.052463,35.429262803688,0.0186908368900176,-9.07679865163794E-06,1.6161524155278E-08
6.44,39.7997202248565,42.518125064416,7.048618,35.5492569844128,0.018632636758515,-9.03728750041801E-06,6.13527192856031E-09
6.46,39.9187896028504,42.532995052348,7.044773,35.669251289765,0.0185749698687539,-8.92676312090196E-06,1.71090370767887E-08
6.48,40.0378599808442,42.5478560402867,7.040928,35.7892454724494,0.0185176207846368,-8.85016730203344E-06,1.18203424179805E-08
6.5,40.1569313588381,42.562709028232,7.037083,35.9092396569262,0.0184606437656593,-8.76569522729699E-06,1.29957038056072E-08
6.52,40.2759950165081,42.5775619975089,7.027274,36.0292261781446,0.0184028406776743,-8.86550429218321E-06,-1.53081387862301E-08
6.54,40.395013279832,42.5923978678782,6.985735,36.1491655380489,0.0183393516673282,-9.70779974710196E-06,-1.28791353963111E-07
6.56,40.5140425431543,42.607147739016,6.944196,36.2691052071565,0.0182834861444465,-8.5160858051433E-06,1.8166371066443E-07
6.58,40.633082806475,42.6218116109224,6.902657,36.3890452481384,0.0182279697540891,-8.43714139169861E-06,1.19976312225973E-08
6.6,40.752133069794,42.6363884835973,6.861118,36.5089846095396,0.0181726305153261,-8.38473314591231E-06,7.94064330095527E-09
6.62,40.8711943331115,42.6508793570408,6.819579,36.6289244687854,0.0181178035114501,-8.28202475467867E-06,1.55148627241144E-08
6.64,40.9902655978895,42.6652832312558,6.778041,36.7488637771385,0.0180631488483695,-8.23112395793244E-06,7.66578264250411E-09
6.66,41.1093478612038,42.6796011062362,6.736502,36.8688037078539,0.0180089986059089,-8.13066703612085E-06,1.5083621893633E-08
6.68,41.2284401245165,42.6938329819853,6.694963,36.9887433321166,0.0179550335722592,-8.0785978517438E-06,7.79478808039605E-09
6.7,41.3475423878276,42.7079778585028,6.653424,37.1086825944852,0.0179013824430773,-8.00763122118992E-06,1.05920344110275E-08
6.72,41.4666556511371,42.7220367357889,6.611885,37.2286226692176,0.0178482254065981,-7.91027328559726E-06,1.44877880346215E-08
6.74,41.5857789144452,42.7360096138435,6.570346,37.3485626257887,0.0177952457820633,-7.86047841762155E-06,7.38796260767223E-09
6.76,41.7049121777516,42.7498954926666,6.528807,37.4685024109175,0.0177425717646151,-7.79201441541086E-06,1.01278109779131E-08
6.78,41.8240544425187,42.7636953722612,6.487269,37.5884412116896,0.0176900886094616,-7.74087834122677E-06,7.54219383246133E-09
6.8,41.9432077058222,42.7774082526214,6.44573,37.7083809600787,0.017638198292508,-7.63092896376385E-06,1.61690260974881E-08
6.82,42.0623709691241,42.7910351337501,6.404191,37.828320841728,0.0175864929104614,-7.58143431768406E-06,7.25727948384093E-09
6.84,42.1815442324245,42.8045760156474,6.362652,37.9482609191343,0.0175350990360081,-7.5137243352831E-06,9.89912023405801E-09
6.86,42.3006966984643,42.8180378429497,6.301418,38.0681714314244,0.0174796665145919,-8.08054248049353E-06,-8.26265517799461E-08
6.88,42.4198353788195,42.8313616153959,6.219813,38.1880528230954,0.0174246208824098,-8.00081863111442E-06,1.15877688051034E-08
6.9,42.538993059169,42.8445143908081,6.138208,38.3079342156771,0.0173741148669165,-7.31971239032879E-06,9.87110493892219E-08
6.92,42.658169739513,42.8574981691864,6.056603,38.4278160726814,0.0173239677751864,-7.24668955637428E-06,1.05524326523858E-08
6.94,42.7773644198516,42.8703109505307,5.974998,38.5476974273067,0.0172739704070984,-7.20423171296639E-06,6.11784487145427E-09
6.96,42.8965771001848,42.8829547348412,5.893393,38.6675787370839,0.0172243261174174,-7.1328002415224E-06,1.02631424488478E-08
6.98,43.0158077805126,42.8954285221177,5.811788,38.7874601388961,0.0171749859329778,-7.06879433233148E-06,9.16990103021804E-09
7,43.1350554608351,42.9077313123604,5.730183,38.9073407791599,0.0171258057519783,-7.02574014277622E-06,6.15059850789428E-09
7.02,43.2543211411525,42.9198651055691,5.648578,39.0272221014716,0.0170771114404142,-6.93651161881757E-06,1.27106159485259E-08
7.04,43.3736038214648,42.9318279017439,5.566973,39.1471031521627,0.0170285583368057,-6.89674767167377E-06,5.64828794656318E-09
7.06,43.4929035017721,42.9436217008847,5.485368,39.2669843742936,0.0169803430780269,-6.82935676752576E-06,9.54545384532709E-09
7.08,43.6122201820744,42.9552445029917,5.403763,39.3868658145885,0.0169324068213128,-6.77065772798902E-06,8.29082479332482E-09
7.1,43.7315528623718,42.9666983080648,5.322158,39.5067469150073,0.0168846620308149,-6.72461837997546E-06,6.48441521317654E-09
7.12,43.8509025426645,42.9779811161039,5.240553,39.6266287232319,0.0168373326158143,-6.6473897472858E-06,1.08467180743905E-08
7.14,43.9702672229523,42.9890939271091,5.158948,39.7465095868785,0.0167900369253006,-6.62404629043189E-06,3.26939171623394E-09
7.16,44.0896479032355,43.0000367410804,5.077343,39.8663907447078,0.0167431784677794,-6.54447730743139E-06,1.11129864525845E-08
7.18,44.2090435835142,43.0108085580178,4.995738,39.9862713541046,0.0166964637042798,-6.50623447068963E-06,5.32630038186004E-09
7.2,44.3283997043194,43.0213852921038,4.874767,40.1060951867824,0.0166421989830273,-7.53676684062266E-06,-1.43129495824031E-07
7.22,44.4477676072886,43.0316950150309,4.74544,40.2259074843402,0.0165945010467923,-6.60636235942866E-06,1.28864886591967E-07
7.24,44.567157510247,43.0417347454074,4.616113,40.3457187739354,0.0165485206623122,-6.35088183426482E-06,3.52873653541216E-08
7.26,44.6865694131949,43.0515044832335,4.486786,40.4655296680261,0.0165028779739371,-6.28687167700269E-06,8.81682606916363E-09
7.28,44.8060043161326,43.0610042285091,4.357459,40.5853417759287,0.0164577071294701,-6.20478632788896E-06,1.12754600430941E-08
7.3,44.9254592190605,43.0702339812342,4.228132,40.7051527193724,0.0164124580059869,-6.19851006619274E-06,8.59761876195451E-10
7.32,45.0449351219787,43.0791937414089,4.098805,40.8249641073141,0.0163676759483212,-6.11776744066591E-06,1.10304133233367E-08
7.34,45.1644310248877,43.087883509033,3.969478,40.9447755544859,0.0163230854457439,-6.07500035113786E-06,5.82657895477588E-09
7.36,45.2839459277877,43.0963032841068,3.840151,41.0645866751194,0.0162786848686932,-6.0326870992722E-06,5.74908313392113E-09
7.38,45.4034798306789,43.10445206663,3.710824,41.184398012634,0.0162345985792064,-5.97375196298121E-06,7.98579082533712E-09
7.4,45.5230317335617,43.1123308566028,3.581497,41.3042092508979,0.0161907078735041,-5.93117644626285E-06,5.75344820518403E-09
7.42,45.6426016364364,43.1199396540251,3.45217,41.4240210010382,0.0161471361375033,-5.8722016173507E-06,7.94809014988531E-09
7.44,45.7621875393032,43.1272784588969,3.322843,41.5438318779293,0.0161036124853701,-5.84995324371971E-06,2.99037279986413E-09
7.46,45.8817904436247,43.1343462712197,3.193517,41.6636434328527,0.0160605301505903,-5.77511190077342E-06,1.00323516013791E-08
7.48,46.0014083464768,43.1411440909905,3.06419,41.7834543381843,0.0160175007127722,-5.75259863878034E-06,3.00979438410228E-09
7.5,46.1210412493219,43.1476709182109,2.934863,41.9032651512051,0.015974775069445,-5.69675244362772E-06,7.4461593536825E-09
7.52,46.2406596375341,43.1540267319928,2.78877,42.0230522755854,0.0159291388803632,-6.06864216513489E-06,-4.94534204131881E-08
7.54,46.3601396680441,43.1605084521124,2.553523,42.1427079916477,0.0158694583637005,-7.91518788629351E-06,-2.44899963018385E-07
7.56,46.4796466985349,43.166498196881,2.318276,42.2623650323062,0.0158276508807424,-5.53009033838337E-06,3.15489093638908E-07
7.58,46.5991767275462,43.1719959662976,2.083028,42.3820214291431,0.0157858043320464,-5.52065286226638E-06,1.24504961965533E-09
7.6,46.718727758004,43.1770017603643,1.847781,42.5016772140335,0.015744182222432,-5.47659337031931E-06,5.79730157198322E-09
7.62,46.8382987884479,43.1815155790799,1.612534,42.6213334127063,0.0157029132116484,-5.41588068026061E-06,7.96754462712571E-09
7.64,46.9578878188797,43.1855364224445,1.377287,42.7409900187963,0.015661859435867,-5.37353086143164E-06,5.5431700037925E-09
7.66,47.0774918493012,43.189065290458,1.14204,42.860646096797,0.0156208979113217,-5.34745751244787E-06,3.40383146002178E-09
7.68,47.1971088797141,43.1921011831205,0.906793,42.9803016466435,0.0155801497195891,-5.30575413184631E-06,5.43012768249504E-09
7.7,47.3167379101201,43.194645100432,0.671546,43.0999577222568,0.0155397500796553,-5.24670648490599E-06,7.66852557666506E-09
7.72,47.4363769405212,43.1966960423925,0.436299,43.2196143307589,0.0154995606868012,-5.2058799033857E-06,5.28841729537373E-09
7.74,47.5560219709189,43.198254009002,0.201052,43.3392695043155,0.0154593247489027,-5.19844158895391E-06,9.61022536407779E-10
7.76,47.6756730013152,43.1993200002604,-0.034195,43.4589252831656,0.0154195591301799,-5.12443540242282E-06,9.53687970761452E-09
7.78,47.7953280317117,43.1998930161678,-0.269442,43.5785816856121,0.0153800003144498,-5.08468068510328E-06,5.10986083798614E-09
7.8,47.9149840621102,43.1999730567242,-0.504689,43.698237742781,0.0153405201498694,-5.06155956159033E-06,2.96424660422478E-09
7.82,48.0346390925125,43.1995611219296,-0.739936,43.8178934822625,0.0153012454579873,-5.02233911534973E-06,5.01540233255743E-09
7.84,48.1542921229204,43.1986562117839,-0.975183,43.9375499344419,0.0152623025739032,-4.96720460257234E-06,7.03246336446358E-09
7.86,48.2736632074878,43.1967684325624,-1.393683,44.0569359451014,0.0151890598803377,-9.31840885057114E-06,-5.53588326717405E-07
7.88,48.3927224898214,43.1932968927413,-2.002177,44.1760458283962,0.0151154674232026,-9.33914430648737E-06,-2.63140303505474E-09
7.9,48.5117387707933,43.1885525178376,-2.610672,44.2951566349153,0.0150773172808952,-4.82913193763668E-06,5.70887641626669E-07
7.92,48.6306970533586,43.1825353078492,-3.219166,44.4142670030909,0.0150391879009601,-4.81431564837038E-06,1.87074359423043E-09
7.94,48.7495853360856,43.1752452627768,-3.82766,44.5333785832455,0.0150014584577613,-4.75181904268018E-06,7.87110902899263E-09
7.96,48.8683896175427,43.1666833826226,-4.436155,44.6524909800996,0.0149638689515162,-4.72229977953004E-06,3.70845014449E-09
7.98,48.9870949006849,43.1568516673826,-5.044649,44.7716027212102,0.0149262833472016,-4.70997547801785E-06,1.54439868573752E-09
8,49.1056901840804,43.1457501170587,-5.653143,44.8907164721514,0.0148892188676439,-4.63305994472039E-06,9.61444166218236E-09
8.02,49.22416046776,43.1333807316507,-6.261637,45.0098307442202,0.0148521536245426,-4.62160138420055E-06,1.42874819449393E-09
8.04,49.342492750292,43.1197445111617,-6.870132,45.1289461319686,0.014815346734875,-4.57797135169051E-06,5.42662095896068E-09
8.06,49.4606740346312,43.1048434555857,-7.478626,45.2480631224668,0.0147787829402259,-4.53645094902242E-06,5.1514147230881E-09
8.08,49.5786893193462,43.0886785649255,-8.08712,45.3671803383359,0.0147422296867708,-4.52391750681874E-06,1.55116858956451E-09
8.1,49.6965266030052,43.0712518391848,-8.695615,45.4862992545088,0.014706039033681,-4.46798186292771E-06,6.90563504827509E-09
8.12,49.8141718885633,43.0525652783562,-9.304109,45.6054193651939,0.0146699643700902,-4.44269256044474E-06,3.11444611859191E-09
8.14,49.9316121745888,43.0326218824431,-9.912603,45.7245409829729,0.014634105378257,-4.40528155199256E-06,4.59594698429741E-09
8.16,50.04883445965,43.0114226514501,-10.521098,45.8436647484846,0.0145985006754502,-4.36332142240478E-06,5.14217274360062E-09
8.18,50.165823746702,42.9889695853681,-11.129592,45.9627891937568,0.0145628906200759,-4.35330750297394E-06,1.22419552944275E-09
8.2,50.2825456365802,42.9652807786627,-11.75614,46.0818906594903,0.0145245689918863,-4.67336929140725E-06,-3.90319254186969E-08
8.22,50.3989948948704,42.9403061680517,-12.38654,46.2009879345704,0.0144887195961175,-4.36124036116712E-06,3.79718893236171E-08
8.24,50.5151621538284,42.9140427344435,-13.01694,46.3200870529496,0.0144537765023379,-4.24066672082834E-06,1.46327233420851E-08
8.26,50.6310334120261,42.8864914778439,-13.647341,46.4391887750889,0.0144190946899846,-4.19876662872682E-06,5.07265037548624E-09
8.28,50.7465946724219,42.8576573982411,-14.277741,46.5582929691829,0.0143845645041126,-4.17031230338957E-06,3.43651272189035E-09
8.3,50.8618309335874,42.8275434956405,-14.908141,46.6773989850564,0.0143501223943943,-4.14965177328805E-06,2.48922049415849E-09
8.32,50.9767291955568,42.7961547700422,-15.538541,46.7965076022857,0.0143159395708272,-4.10851244796694E-06,4.94463044724879E-09
8.34,51.091275458364,42.7634922214459,-16.168941,46.9156196856522,0.0142820243844687,-4.06656910773034E-06,5.02917748640385E-09
8.36,51.2054547205809,42.729562849859,-16.799342,47.0347335227017,0.0142480666327236,-4.06193202692641E-06,5.54674737311662E-10
8.38,51.3192539851656,42.6943686552665,-17.429742,47.1538507085023,0.0142144613127182,-4.01018138489733E-06,6.17549427554703E-09
8.4,51.4326582506902,42.6579136376756,-18.060142,47.2729703783588,0.0141809130781564,-3.99383744782447E-06,1.94570679438828E-09
8.42,51.5456555171886,42.620204797086,-18.690542,47.3920935872423,0.0141476495111071,-3.95054240490626E-06,5.14192908767335E-09
8.44,51.6582307846947,42.5812441334975,-19.320942,47.5112200921072,0.0141145147944183,-3.92591429962158E-06,2.91802195316029E-09
8.46,51.7703700532425,42.54103764691,-19.951342,47.6303493375265,0.0140814710897458,-3.90587525679966E-06,2.3686811846241E-09
8.48,51.882060321404,42.4995893373324,-20.581743,47.7494823655616,0.0140487061362174,-3.86379168966487E-06,4.96268480363172E-09
8.5,51.9932875921373,42.4569052047464,-21.212143,47.8686185940121,0.014016026876524,-3.84461878746794E-06,2.255635552579E-09
8.52,52.1040300302084,42.412981281326,-21.845849,47.9877538055936,0.0139830060541749,-3.8756833743057E-06,-3.64607826734254E-09
8.54,52.214228588319,42.367761714065,-22.497256,48.106869427881,0.0139479651390411,-4.10315165500566E-06,-2.66356300585434E-08
8.56,52.3239051462626,42.3212823358072,-23.148664,48.2259881920015,0.0139157434720215,-3.76421343686956E-06,3.95955862308534E-08
8.58,52.433046705539,42.2735481465425,-23.800072,48.3451117949777,0.0138838698107433,-3.71487893685867E-06,5.74994172621053E-09
8.6,52.5416382676476,42.2245651462598,-24.451479,48.4642397164651,0.013852083893876,-3.69603684503633E-06,2.19094090957485E-09
8.62,52.6496658297019,42.1743403349803,-25.102887,48.5833719364202,0.0138204431502488,-3.67061991034451E-06,2.94860031227557E-09
8.64,52.7571143932013,42.1228807126932,-25.754295,48.7025075168487,0.0137888403273709,-3.65773412938816E-06,1.49140983291075E-09
8.66,52.8639719596456,42.0701912793863,-26.405702,48.8216490960249,0.0137576881265789,-3.59725182355165E-06,6.98409998112184E-09
8.68,52.970223526148,42.0162800350827,-27.05711,48.9407952988455,0.0137265210622854,-3.5906756098494E-06,7.57628306711281E-10
8.7,53.0758540942081,41.9611539797705,-27.708518,49.0599451997392,0.0136953909073234,-3.57817873127181E-06,1.43642282500969E-09
8.72,53.1808516653255,41.9048191134368,-28.359925,49.1791010099433,0.0136646571334974,-3.52451534701114E-06,6.15405782805843E-09
8.74,53.2852012366135,41.8472844361062,-29.011333,49.2982608694746,0.0136338512049576,-3.52470578258569E-06,-2.17889673396972E-11
8.76,53.3888908095717,41.7885559477661,-29.662741,49.4174269841339,0.013603437746487,-3.4718559897967E-06,6.03308136860645E-09
8.78,53.4919053856998,41.7286416484027,-30.314148,49.5365979796112,0.0135730063186021,-3.46599406434023E-06,6.67645268390316E-10
8.8,53.594231962111,41.6675505380422,-30.965556,49.6557736986361,0.0135426953437399,-3.44442896161029E-06,2.45057985567502E-09
8.82,53.6958565403049,41.6052886166712,-31.616964,49.774954660815,0.0135125807459116,-3.41435349527115E-06,3.40991681849643E-09
8.84,53.7967671217811,41.541863884275,-32.268371,49.8941420852079,0.0134827403159358,-3.37561425066154E-06,4.38226748977463E-09
8.86,53.8969044799532,41.4772153431249,-32.919932,50.0133348885751,0.0134529123439226,-3.36658826333856E-06,1.01873446083341E-09
8.88,53.9962516060875,41.4113489934443,-33.571653,50.1325331582411,0.0134232285659968,-3.34276778443412E-06,2.68248636311283E-09
8.9,54.0948427341563,41.3443448329333,-34.223374,50.2517378899411,0.0133937900786516,-3.30769520733114E-06,3.9407390003343E-09
8.92,54.1926658656594,41.2762138615761,-34.875094,50.3709486038688,0.0133644298125232,-3.29150965564844E-06,1.81452373124504E-09
8.94,54.2897069977102,41.206963079403,-35.526815,50.4901654321326,0.0133352156894648,-3.26779899981733E-06,2.65219863882616E-09
8.96,54.3859541332703,41.1366034863822,-36.178535,50.6093878437572,0.0133060727259554,-3.25256289168128E-06,1.70045849732706E-09
8.98,54.4813942694532,41.0651420825452,-36.830256,50.7286168328201,0.0132771702742596,-3.2185358235859E-06,3.78920580126793E-09
9,54.5760154077584,40.9925888678759,-37.481977,50.8478524347728,0.0132484002169707,-3.19667303210349E-06,2.42919905360048E-09
9.02,54.6698045496857,40.9189548423568,-38.133697,50.9670932535288,0.0132196029662948,-3.1925998531958E-06,4.51571940985568E-10
9.04,54.7627506923483,40.8442470060212,-38.785418,51.0863419275081,0.0131912249977117,-3.13915581671484E-06,5.91195093815906E-09
9.06,54.8548398387081,40.7684763588343,-39.437138,51.2055962853001,0.0131627326481291,-3.14485094730441E-06,-6.28601610326949E-10
9.08,54.9460619858785,40.6916529008306,-40.088859,51.3248578626585,0.0131345349513666,-3.10547321172935E-06,4.33675501927925E-09
9.1,55.0364041353589,40.6137856319923,-40.74058,51.4441265321786,0.0131064472000103,-3.08656608311538E-06,2.07770644109562E-09
9.12,55.1258542886492,40.5348845523005,-41.3923,51.5634023063332,0.0130784840081789,-3.06613945519893E-06,2.23976183294406E-09
9.14,55.2144014428627,40.4549616617913,-42.044021,51.6826846057185,0.0130505798014537,-3.05297666577566E-06,1.44013013383718E-09
9.16,55.302032600961,40.3740259604272,-42.695741,51.8019733630469,0.0130227901013565,-3.03381005427371E-06,2.09242483645695E-09
9.18,55.3887377600576,40.2920874482453,-43.347462,51.9212700704305,0.0129952840287105,-2.99630420981303E-06,4.08560397175151E-09
9.2,55.4744345793406,40.2090395670392,-43.97069,52.0406052932611,0.0129712198728913,-2.61566911078264E-06,4.13733803293907E-08
9.22,55.559211271069,40.1250347383253,-44.587851,52.1599530988868,0.0129444474648266,-2.90373189421849E-06,-3.12432519995495E-08
9.24,55.6430779651015,40.0401110792433,-45.205012,52.2793082422189,0.0129172233043379,-2.94633771521974E-06,-4.61101958887999E-09
9.26,55.72602566147,39.9542805897927,-45.822173,52.39866984933,0.0128900223662162,-2.93746631984344E-06,9.58034057915907E-10
9.28,55.8080433602064,39.8675512699733,-46.439334,52.5180385128158,0.0128630025307895,-2.91162019683965E-06,2.78514256506326E-09
9.3,55.8891210598806,39.7799341198053,-47.056496,52.6374133777917,0.0128360069866533,-2.90274668131498E-06,9.54141454265932E-10
9.32,55.9692517634485,39.6914391392469,-47.673657,52.7567963382103,0.0128093305170262,-2.86228214883075E-06,4.34168803478786E-09
9.34,56.04842346948,39.6020773283181,-48.290818,52.8761851663661,0.0127825297811302,-2.86945780471138E-06,-7.68271507561836E-10
9.36,56.126628178007,39.5118576870186,-48.907979,52.9955818167044,0.01275605238657,-2.82878147010564E-06,4.34576224420305E-09
9.38,56.2038558890613,39.4207912153478,-49.52514,53.1149854247623,0.0127295957417845,-2.82053782361633E-06,8.78853570288561E-10
9.4,56.2800986026748,39.3288889133052,-50.142301,53.2343964146245,0.0127032967938528,-2.79776041826128E-06,2.42312822926096E-09
9.42,56.3553463188795,39.2361607808905,-50.759462,53.3538146935233,0.0126770996707831,-2.78101094158641E-06,1.77807608013457E-09
9.44,56.4295910377072,39.142618818103,-51.376623,53.4732398880006,0.0126509739912357,-2.76755079951099E-06,1.42586250798961E-09
9.46,56.5028227591898,39.0482720249424,-51.993784,53.5926727244025,0.012625035560456,-2.74190600208243E-06,2.71086653578895E-09
9.48,56.5750344833592,38.953133401408,-52.610945,53.7121126289384,0.0125991460480856,-2.73096122050622E-06,1.15451282449394E-09
9.5,56.6462172102473,38.8572119474995,-53.228106,53.8315609689317,0.0125735094729805,-2.69858685316273E-06,3.40782814142043E-09
9.52,56.7163588533965,38.7605054022025,-53.834382,53.9510264702572,0.0125488971980556,-2.58532299631238E-06,1.18974639548687E-08
9.54,56.7855002579842,38.6630106156164,-54.382682,54.0705495527133,0.0125286249954043,-2.12496883138101E-06,4.82551535567473E-08
9.56,56.853705666252,38.5648509628895,-54.930981,54.1900790266536,0.0125030830481435,-2.67175180551936E-06,-5.71948717717937E-08
9.58,56.9209680752983,38.4660354440702,-55.479281,54.3096145378218,0.0124776107691241,-2.65890177655894E-06,1.34133913991854E-09
9.6,56.9872814880693,38.3665730591088,-56.02758,54.4291563076579,0.0124522676912613,-2.63990394403698E-06,1.97894088770384E-09
9.62,57.0526399016636,38.2664738080547,-56.57588,54.5487037136906,0.01242696528407,-2.63018785772956E-06,1.00998818164465E-09
9.64,57.1170383190274,38.1657456908573,-57.124179,54.6682583445215,0.0124019326588007,-2.59674535988277E-06,3.46913878078775E-09
9.66,57.1804687372592,38.0643987075668,-57.672479,54.7878184924769,0.0123768269105026,-2.59893874721207E-06,-2.27058729741216E-10
9.68,57.2429261593051,37.9624408581318,-58.220778,54.9073857648805,0.0123519909507856,-2.56569831787327E-06,3.43392865070178E-09
9.7,57.3044055822638,37.8598831426035,-58.769078,55.0269591919524,0.0123271574300927,-2.56015677246414E-06,5.71293341147998E-10
9.72,57.3649000090814,37.7567345609293,-59.317377,55.1465384776895,0.0123023956519593,-2.54750803841667E-06,1.30131008718826E-09
9.74,57.4244044368564,37.6530041131615,-59.865677,55.266124357788,0.0122778110984124,-2.52408147298594E-06,2.40519152266213E-09
9.76,57.4829138685351,37.5487007992466,-60.413976,55.3857175636527,0.0122534022402357,-2.50090760007278E-06,2.37437222470907E-09
9.78,57.5404213012159,37.4438356192377,-60.962276,55.5053161037435,0.0122288895798301,-2.50640699443257E-06,-5.62310261737334E-10
9.8,57.596923737845,37.3384175730803,-61.510575,55.6249216629816,0.0122046489018501,-2.47353856938849E-06,3.35392092286499E-09
9.82,57.6524131755211,37.2324546608287,-62.058875,55.7445344401689,0.0121805272084814,-2.4563842534356E-06,1.74687535161792E-09
9.84,57.7068866171902,37.1259598824273,-62.607174,55.8641525561633,0.012156312601056,-2.46083408794501E-06,-4.52218954208151E-10
9.86,57.7604052955395,37.0189400024279,-63.111534,55.9838083276385,0.012135473780445,-2.11347065020088E-06,3.5229557580541E-08
9.88,57.8130904744863,36.9114679473675,-63.570406,56.1034994747613,0.0121144885751812,-2.12400862994245E-06,-1.06659713983486E-09
9.9,57.8649126552492,36.8035719860746,-64.029278,56.2231952427831,0.0120904816183672,-2.424945132726E-06,-3.03976265437936E-08
9.92,57.9158698378412,36.695259118549,-64.48815,56.3428961689672,0.0120666256234012,-2.40483820222176E-06,2.02690831696048E-09
9.94,57.9659570222753,36.5865363447903,-64.947022,56.4626015054327,0.0120427903888826,-2.39791091735935E-06,6.96909945915748E-10
9.96,58.0151722085648,36.4774106647984,-65.405894,56.5823117748134,0.0120191033514782,-2.37821660687378E-06,1.97734041019792E-09
9.98,58.0635123967228,36.367889078573,-65.864766,56.7020270689094,0.011995520450495,-2.36301613058019E-06,1.52309381699366E-09
10,58.1109725853004,36.2579785861434,-66.323639,56.821746682365,0.0119719613455579,-2.35591049371105E-06,7.10563686913883E-10
10.02,58.1575517772345,36.1476861874503,-66.782511,56.94147150991,0.0119485855833412,-2.33291040086812E-06,2.29541844739781E-09
10.04,58.2032459710764,36.037018882523,-67.241383,57.0612012544631,0.01192527336186,-2.32193441047868E-06,1.09322613440661E-09
10.06,58.2480511668391,35.925984671361,-67.700255,57.1809347151819,0.0119019344650837,-2.31996985847536E-06,1.95283499335968E-10
10.08,58.2919663645358,35.8145885539643,-68.159127,57.300674598094,0.0118789566381103,-2.27954632672257E-06,4.01027100722147E-09
10.1,58.3349885641796,35.7028405303324,-68.617999,57.4204182010456,0.0118558022724319,-2.29251145331036E-06,-1.28367589978157E-09
10.12,58.3771127643217,35.5907456004958,-69.076872,57.5401667773739,0.011832863273553,-2.26669949396312E-06,2.55058886830414E-09
10.14,58.4183389678989,35.4783107643931,-69.535744,57.65992149432,0.0118101298763413,-2.24195238773646E-06,2.44054302038067E-09
10.16,58.4586631734625,35.3655450220544,-69.994616,57.7796802276113,0.0117872768987487,-2.24930881817433E-06,-7.24058113963596E-10
10.18,58.4980823810256,35.2524543734795,-70.453488,57.8994440314921,0.0117646172770915,-2.22589603705143E-06,2.29988026747536E-09
10.2,58.5368161202639,35.1390823888409,-70.835381,58.0192501642912,0.0117456992940299,-1.85470422172424E-06,3.63913544438426E-08
10.22,58.5748558376695,35.0254629489712,-71.200872,58.1390683482893,0.0117238927591064,-2.13371183204693E-06,-2.73001575658211E-08
10.24,58.6121705549036,34.9115995686177,-71.566364,58.2588901222196,0.0117013451103794,-2.2019188209941E-06,-6.6608387643724E-09
10.26,58.6487582734347,34.7974982477485,-71.931856,58.378714045421,0.0116787449514116,-2.20274453877059E-06,-8.04793154466249E-11
10.28,58.6846169947312,34.6831619863315,-72.297347,58.4985415404623,0.0116563711129581,-2.17644342933607E-06,2.55847368040025E-09
10.3,58.7197467158762,34.5685957844306,-72.662839,58.6183727214033,0.0116340952369909,-2.1627064045785E-06,1.33369172403557E-09
10.32,58.754143438338,34.4538046420137,-73.028331,58.7382065267067,0.0116118028394764,-2.16011603822815E-06,2.51004491313473E-10
10.34,58.7878071635851,34.3387925590479,-73.393822,58.8580440234497,0.0115896998784339,-2.13761712209666E-06,2.17591065101407E-09
10.36,58.8207368887004,34.2235655355984,-73.759314,58.9778840573666,0.0115675708414043,-2.13600743529334E-06,1.55375174066292E-10
10.38,58.8529316151525,34.1081265716324,-74.124806,59.0977283514021,0.0115456930670037,-2.10768539504241E-06,2.7285202553879E-09
10.4,58.8843883444098,33.9924816671166,-74.490297,59.2175752110023,0.0115237365000174,-2.11120836407031E-06,-3.38747021913201E-10
10.42,58.9151060735552,33.8766358221171,-74.855789,59.3374244441559,0.0115018457920917,-2.10083569344188E-06,9.95457833822452E-10
10.44,58.9450848040572,33.7605920366007,-75.221281,59.4572780400114,0.0114802294880746,-2.07052720470805E-06,2.9031119476844E-09
10.46,58.9743225359224,33.6443563105672,-75.586773,59.5771345749653,0.0114585597470261,-2.0716769644843E-06,-1.09919672681023E-10
10.48,59.0028182706192,33.5279336439826,-75.952264,59.6969938432367,0.0114369530793345,-2.06170493240213E-06,9.51529778832845E-10
10.5,59.0305710052307,33.4113270369144,-76.317756,59.8168575787466,0.0114155938580824,-2.03421154781891E-06,2.61841757935422E-09
10.52,59.0576145335206,33.2945470269561,-76.669708,59.9367280219268,0.0113945288194129,-2.00238010166504E-06,3.02580286633782E-09
10.54,59.0842120554304,33.1776345860626,-76.94915,60.0566277592386,0.0113756866519691,-1.7876819206643E-06,2.03698463947569E-08
10.56,59.1102385766937,33.0605921799743,-77.228593,60.1765289878895,0.01135428301619,-2.02685944878096E-06,-2.26493871322599E-08
10.58,59.1356940987752,32.943422808657,-77.508036,60.2964316366482,0.0113329535688701,-2.01601581473096E-06,1.02491815217443E-09
10.6,59.1605776231395,32.8261284720759,-77.787478,60.4163363954311,0.0113117696964985,-1.99847852562637E-06,1.65446123628218E-09
10.62,59.1848881468661,32.7087111703002,-78.066921,60.5362439611646,0.011290731236682,-1.98102258159102E-06,1.6436858790343E-09
10.64,59.2086266714197,32.5911759032953,-78.346364,60.6561524952141,0.0112695990648036,-1.98610637954582E-06,-4.77800559661639E-10
10.66,59.2317911982651,32.473523671026,-78.625806,60.7760634749529,0.0112486847784937,-1.9619405543983E-06,2.26696295942983E-09
10.68,59.2543807244816,32.3557584735623,-78.905249,60.8959756445953,0.0112277312399281,-1.96194181325882E-06,-1.17870835399195E-13
10.7,59.2763972529958,32.2378823108339,-79.184691,61.0158902695057,0.0112069742906884,-1.93990179810808E-06,2.05981450006897E-09
10.72,59.2978367808871,32.1198981829111,-79.464134,61.1358065227739,0.011186217655623,-1.93625327102497E-06,3.40347675663586E-10
10.74,59.3187023096203,32.0018090897587,-79.743577,61.2557248458562,0.0111655794303787,-1.92162246222247E-06,1.36227270041899E-09
10.76,59.3389908406599,31.8836170313411,-80.023019,61.3756455995428,0.0111450514578572,-1.9078041376875E-06,1.28423090473672E-09
10.78,59.3587023710856,31.7653260077292,-80.302462,61.4955677021714,0.0111244993161973,-1.90650664748263E-06,1.20360872437338E-10
10.8,59.377836902362,31.6469380188876,-80.581905,61.615492037438,0.0111041051172792,-1.88835175168113E-06,1.68100887050896E-09
10.82,59.3963934359537,31.52845606478,-80.861347,61.7354183414254,0.011083761921204,-1.88014751157071E-06,7.58247699669402E-10
10.84,59.4143719689404,31.4098841454784,-81.14079,61.8553455180586,0.0110633926783416,-1.87908144486745E-06,9.83456368320376E-11
10.86,59.4318866477886,31.2912309428675,-81.383875,61.975284446122,0.0110441001899974,-1.77647222322355E-06,9.44836295063571E-09
10.88,59.4490555405307,31.1725163937252,-81.589187,62.0952340816197,0.0110247826744228,-1.77550694619373E-06,8.87203152399927E-11
10.9,59.4657994337393,31.0537408633521,-81.794499,62.2151840069018,0.0110045803011126,-1.85342874405242E-06,-7.14878879437489E-09
10.92,59.4821173288775,30.9349043517117,-81.99981,62.3351356229835,0.0109845802272603,-1.83150859453362E-06,2.00733969952382E-09
10.94,59.4980092230228,30.8160088588768,-82.205122,62.4550884908775,0.0109646131530109,-1.82514389849002E-06,5.81782088080871E-10
10.96,59.5134741190999,30.6970573847743,-82.410433,62.5750410490071,0.010944576471679,-1.82816435509893E-06,-2.75589106653209E-10
10.98,59.5285140141866,30.5780489294775,-82.615745,62.6949960859016,0.0109248667481321,-1.79505678933176E-06,3.01526099883176E-09
11,59.5431269097457,30.4589864929496,-82.821057,62.8149519132238,0.0109050752111122,-1.79923063817168E-06,-3.7944080362935E-10
11.02,59.5573128072402,30.3398720751539,-83.026368,62.9349080894489,0.0108853154469252,-1.79308204963651E-06,5.5794814293786E-10
11.04,59.5710717037477,30.2207066761639,-83.23168,63.0548651632275,0.0108656769727027,-1.77884730276822E-06,1.28937924531594E-09
11.06,59.584403602193,30.1014902959058,-83.436991,63.174824676556,0.01084624894471,-1.75660289264639E-06,2.01124865477661E-09
11.08,59.5973074996536,29.9822269344536,-83.642303,63.2947840861684,0.0108266615173607,-1.76781835282692E-06,-1.01222564806248E-09
11.1,59.6097853975926,29.8629165917703,-83.847615,63.4147451457176,0.0108073026620944,-1.74404101498255E-06,2.14210250850257E-09
11.12,59.6218342974727,29.7435622678185,-84.052926,63.5347061003418,0.0107878556316653,-1.74883367167938E-06,-4.30994307269614E-10
11.14,59.6334561963718,29.6241629626728,-84.258238,63.6546696889981,0.0107687242958979,-1.71735509581597E-06,2.82572494285557E-09
11.16,59.6446500972145,29.5047226762582,-84.463549,63.7746333728147,0.0107494340337491,-1.72851811369168E-06,-1.00027041896998E-09
11.18,59.6554149970784,29.38524140865,-84.668861,63.8945986026872,0.0107303425646217,-1.70764482356418E-06,1.86702058385478E-09
11.2,59.6659253259304,29.2657292356734,-84.823253,64.0145720435071,0.0107119143589181,-1.64537550924822E-06,5.55976020678234E-09
11.22,59.6761605916865,29.1461896607142,-84.966742,64.1345490023222,0.0106931335842354,-1.67386583624447E-06,-2.53924483032569E-09
11.24,59.68609785768,29.0266250949223,-85.110231,64.2545258111163,0.0106740933090866,-1.69397465736849E-06,-1.78904102526821E-09
11.26,59.6957351224494,28.9070355383357,-85.253721,64.3745030544453,0.0106551725869418,-1.68034832546954E-06,1.21015380985292E-09
11.28,59.7050723889187,28.7874209908785,-85.39721,64.4944814879594,0.0106363859498362,-1.66548201291017E-06,1.31793551058267E-09
11.3,59.7141096556265,28.6677834525886,-85.540699,64.6144598725027,0.0106175561542739,-1.66635358958267E-06,-7.71306789821312E-11
11.32,59.7228489225732,28.548122923466,-85.684188,64.7344391082757,0.0105988724181104,-1.65050672821949E-06,1.39989941370807E-09
11.34,59.7312871882976,28.4284404035488,-85.827678,64.8544187311379,0.0105802136562781,-1.64539345964548E-06,4.5090551799115E-10
11.36,59.7394254557234,28.3087368927608,-85.971167,64.9743985706597,0.010561605591708,-1.63803385299939E-06,6.47852697718797E-10
11.38,59.7472647233893,28.18901239114,-86.114656,65.0943794458269,0.0105431349004563,-1.62308358977662E-06,1.31373139040151E-09
11.4,59.7548039912958,28.0692688986864,-86.258145,65.214360046532,0.0105246140969324,-1.62463188806303E-06,-1.35815639159012E-10
11.42,59.7620432594432,27.9495054154001,-86.401634,65.3343421240777,0.0105063115188888,-1.60267758700286E-06,1.92244317514673E-09
11.44,59.7689825263702,27.8297239413195,-86.545124,65.4543244351006,0.0104879642502552,-1.6037822232239E-06,-9.65591102310824E-11
11.46,59.7756217950007,27.7099254763677,-86.688613,65.5743067341816,0.0104696596056734,-1.59726392511008E-06,5.68786920927182E-10
11.48,59.7819610638733,27.590110020583,-86.832102,65.694289773711,0.0104514842795679,-1.58321655970943E-06,1.22363810110125E-09
11.5,59.7879993329884,27.4702785739656,-86.975591,65.8142732571258,0.0104333463838921,-1.57720831963604E-06,5.22455658556146E-10
11.52,59.7937592034531,27.350431828587,-87.111143,65.9342583332212,0.0104153711888346,-1.56034679318558E-06,1.46367417104678E-09
11.54,59.799389410478,27.2305734347,-87.204047,66.0542488904176,0.0103977952509891,-1.52304487395982E-06,3.23240201263102E-09
11.56,59.8048246190668,27.1107070446171,-87.29695,66.1742384439792,0.0103797191662252,-1.56367515258977E-06,-3.51472998529005E-09
11.58,59.8100658262961,26.990830658416,-87.389854,66.2942293528925,0.0103619092325859,-1.53799081513833E-06,2.2179911443385E-09
11.6,59.8151130350894,26.870946276019,-87.482757,66.4142199336034,0.0103440155785236,-1.54255638468213E-06,-3.93583581362168E-10
11.62,59.8199652425234,26.7510538975037,-87.575661,66.5342104596587,0.0103262070615541,-1.53257461011109E-06,8.59016744495627E-10
11.64,59.8246234515217,26.6311535227925,-87.668564,66.6542012875039,0.0103084903647091,-1.52205299355784E-06,9.03918947874289E-10
11.66,59.8290876591609,26.5112451519631,-87.761468,66.7741927311355,0.0102908613749228,-1.51192022180903E-06,8.69019875540734E-10
11.68,59.8333568683646,26.3913297849376,-87.854371,66.8941840699733,0.0102732310648815,-1.50944435285216E-06,2.1197508192414E-10
11.7,59.8374310762095,26.2714074217941,-87.947275,67.0141756211404,0.0102556881339396,-1.49939580699427E-06,8.58850073324034E-10
11.72,59.841311285619,26.1514780624543,-88.040178,67.1341677344508,0.0102382349240998,-1.48918172694782E-06,8.7150853638639E-10
11.74,59.8449974936699,26.0315427069966,-88.133082,67.2541597242608,0.0102207827776788,-1.48655420962578E-06,2.23808971212621E-10
11.76,59.8484887032857,25.9116013553426,-88.225985,67.3741518755923,0.0102034142288737,-1.47691741539986E-06,8.19455291320136E-10
11.78,59.8517859115431,25.7916540075708,-88.318889,67.4941445329501,0.0101861339013427,-1.46692084304232E-06,8.48605463288641E-10
11.8,59.8548881213656,25.6717016636025,-88.411792,67.614136984918,0.0101688518616861,-1.46457963190728E-06,1.98407723307988E-10
11.82,59.85779632983,25.5517433235165,-88.504696,67.7341305723828,0.010151741748289,-1.44755612496922E-06,1.44022901337244E-09
11.84,59.8605095398597,25.4317809872339,-88.597599,67.8541235873255,0.0101345451809697,-1.45241278034641E-06,-4.10190487938368E-10
11.86,59.863089112926,25.3118138884196,-88.671097,67.9741184163605,0.0101176078444361,-1.42810594718245E-06,2.04948003068806E-09
11.88,59.8655981817407,25.1918439945456,-88.724415,68.0941145448916,0.010100684219791,-1.42454752904735E-06,2.99530146052425E-10
11.9,59.8679962520513,25.0718721018977,-88.777732,68.2141104021814,0.0100836854865375,-1.42846497929084E-06,-3.29197499453356E-10
11.92,59.8702823209344,24.9518972105552,-88.83105,68.3341070715669,0.0100668346799875,-1.41365826761287E-06,1.24217379848734E-09
11.94,59.8724573913135,24.8319203204387,-88.884367,68.4541036760737,0.0100499668766175,-1.41271385008689E-06,7.90969452248347E-11
11.96,59.8745204602651,24.7119414316276,-88.937685,68.574100301084,0.0100331626262779,-1.40503765381215E-06,6.41822430998363E-10
11.98,59.8764715292511,24.5919605440821,-88.991003,68.6940970512332,0.0100164232177985,-1.39727950579629E-06,6.4759165407859E-10
12,59.8783115997331,24.4719786577628,-89.04432,68.8140930466002,0.0099996662805878,-1.39641143422264E-06,7.23392978041019E-11
12.02,59.8800396687877,24.3519937727488,-89.097638,68.9340903751309,0.00998313881286196,-1.37499731496126E-06,1.78154070394165E-09
12.04,59.8816567393383,24.2320078889608,-89.150955,69.0540871551941,0.00996650997203111,-1.38113295937311E-06,-5.09605017596098E-10
12.06,59.8831608084617,24.1120210064782,-89.204273,69.1740834642699,0.00994994270943683,-1.37373653352253E-06,6.13302309335403E-10
12.08,59.8845538790811,23.9920321252216,-89.25759,69.2940804320273,0.00993352382097442,-1.35917950847738E-06,1.20505174214809E-09
12.1,59.8858359482733,23.8720412452704,-89.310908,69.4140781610594,0.00991716768860599,-1.35174647672953E-06,6.14300144450276E-10
12.12,59.8870050189616,23.7520503665452,-89.364225,69.5340747347752,0.00990070740229332,-1.35810943173881E-06,-5.24996287894016E-10
12.14,59.8880640882227,23.6320574891255,-89.417543,69.6540722858301,0.00988447702264313,-1.33693407332706E-06,1.74426346060521E-09
12.16,59.8890101575183,23.5120646129714,-89.470861,69.7740688915106,0.0098681419145103,-1.3433477082918E-06,-5.27437085916466E-10
12.18,59.88984522831,23.3920697380432,-89.524178,69.8940666721244,0.00985203453315966,-1.32244510267994E-06,1.71614167585131E-09
12.2,59.8906209998965,23.2794698082523,-89.551017,70.0066692742723,0.00922972148753179,-5.10092660350712E-05,-4.07269024035994E-06
12.22,59.8913610647198,23.168454652436,-89.572182,70.1176868968233,0.0090849118290477,-1.18502175518896E-05,3.20450478585774E-06
12.24,59.892060128087,23.057438496859,-89.593348,70.2287052533626,0.00907012716824242,-1.20789712461457E-06,8.69470623143386E-07
12.26,59.8927181929212,22.9464223414416,-89.614513,70.3397233591516,0.00905531042325208,-1.20854363705825E-06,-5.27334782772455E-11
12.28,59.8933352577608,22.8354051862236,-89.635678,70.4507422292671,0.00904062460223522,-1.19591376358844E-06,1.02849132490338E-09
12.3,59.8939113211443,22.724389031245,-89.656844,70.5617598788335,0.00902582516800318,-1.20320603512481E-06,-5.92867604582892E-10
12.32,59.8944463859949,22.6133718764259,-89.678009,70.6727783230602,0.00901123735606371,-1.1840756444374E-06,1.55279145190015E-09
12.34,59.8949404508509,22.5023547218062,-89.699174,70.7837965770544,0.00899661701735889,-1.18479243961315E-06,-5.80871293154331E-11
12.36,59.8953935157123,22.3913375673861,-89.720339,70.8948146559575,0.00898204521869428,-1.17894811202289E-06,4.72842038047026E-10
12.38,59.8958055791176,22.2803204132053,-89.741505,71.0058325748654,0.00896752172115789,-1.17314196578267E-06,4.68994042020582E-10
12.4,59.89617664399,22.169302259184,-89.76267,71.1168513490049,0.00895312694673291,-1.16086890524074E-06,9.89762946930416E-10
12.42,59.8965067088678,22.0582851053621,-89.783835,71.2278689934833,0.00893861871806554,-1.16813435325009E-06,-5.84979710898506E-10
12.44,59.8967957722895,21.9472669517797,-89.805001,71.3388875233894,0.00892431912428348,-1.14948503071268E-06,1.4991416830716E-09
12.46,59.8970438371782,21.8362487983568,-89.826166,71.4499059539567,0.00890998640187071,-1.15029874901866E-06,-6.53064451026706E-11
12.48,59.8972509020724,21.7252306451333,-89.847331,71.560924300283,0.00889570082742792,-1.14467743932608E-06,4.50425456136285E-10
12.5,59.8974169655104,21.6142124921493,-89.868497,71.6719425774677,0.00888146217477345,-1.13909221235692E-06,4.46818157533142E-10
12.52,59.8975420304155,21.5031943393247,-89.889662,71.7829608007367,0.008867270229157,-1.13354198214456E-06,4.4330912239256E-10
12.54,59.8976250953261,21.3921761866995,-89.910827,71.8939789844369,0.00885312469698198,-1.12803286882188E-06,4.39323231473791E-10
12.56,59.8976929646159,21.3181554368463,-89.917074,71.9679997654046,0.00589337428086743,-0.000235648918480457,-1.86720450327735E-05
12.58,59.8977599934075,21.2528895456478,-89.919791,72.0332656910227,0.00518807039890069,-5.60654914123004E-05,1.427531216758E-05
12.6,59.8978230236608,21.1876246544125,-89.922507,72.0985306126941,0.00517975568820194,-6.59897674504554E-07,4.39726934426951E-06
12.62,59.8978840524526,21.1223587632206,-89.925224,72.1637965324194,0.00517162596872717,-6.44193302279343E-07,1.24440350437487E-09
12.64,59.8979410827061,21.0570938719918,-89.92794,72.2290614485654,0.00516336361914669,-6.53666897190234E-07,-7.49493268266683E-10
12.66,59.8979951114981,20.9918289808065,-89.930657,72.2943263621144,0.00515520644146446,-6.44326831139262E-07,7.37761931356359E-10
12.68,59.8980471417518,20.9265630895843,-89.933373,72.3595922740759,0.00514715394018296,-6.35055306112292E-07,7.311928254708E-10
12.7,59.898095170544,20.8612981984055,-89.93609,72.424857182927,0.00513896920087638,-6.44467661935774E-07,-7.41130379801677E-10
12.72,59.8981402007979,20.7960323071899,-89.938806,72.4901230896769,0.00513096751178533,-6.29063607786298E-07,1.21101054634244E-09
12.74,59.8981812310518,20.7307674159776,-89.941522,72.5553879937865,0.00512283391755045,-6.38429688766539E-07,-7.35171191541664E-10
12.76,59.8982202598443,20.6655015248087,-89.944239,72.620653896625,0.00511488266759409,-6.23138711313228E-07,1.19835246499297E-09
12.78,59.8982562900984,20.6002366336029,-89.946955,72.6859187977762,0.00510679977708828,-6.3246404583858E-07,-7.29681887742733E-10
12.8,59.898289318891,20.5349717424406,-89.949672,72.7511836972961,0.00509882027498984,-6.23398601440155E-07,7.08237843626993E-10
12.82,59.8983183491453,20.4697058512414,-89.952388,72.8164495949516,0.00509094365487354,-6.14400945109126E-07,7.01845267630939E-10
12.84,59.8983443779381,20.4044409600856,-89.955105,72.8817144912978,0.0050829358525063,-6.23660620502124E-07,-7.21158519703893E-10
12.86,59.8983684081926,20.339175068893,-89.957821,72.9469803869142,0.00507510852382857,-6.08656973384524E-07,1.16669106668744E-09
12.88,59.8983884369856,20.2739101777438,-89.960538,73.0122452811367,0.00506715017255446,-6.17884415691385E-07,-7.16416328172458E-10
12.9,59.8984054672403,20.2086442865578,-89.963254,73.0775111745446,0.00505937158200984,-6.02991515086829E-07,1.15448841895779E-09
12.92,59.8984194960335,20.1433793954151,-89.965971,73.142776067195,0.00505146227944402,-6.12175121193633E-07,-7.10805426223217E-10
12.94,59.8984305262883,20.0781135042357,-89.968687,73.2080419593066,0.00504373200243638,-5.97393895490153E-07,1.14228946703866E-09
12.96,59.8984385550817,20.0128486130996,-89.971404,73.2733068509365,0.00503587126774235,-6.06538170835494E-07,-7.0557680133799E-10
12.98,59.8984435853367,19.9475837219267,-89.97412,73.3385717423032,0.00502811181561828,-5.97800625891399E-07,6.73154464105861E-10
13,59.8984446141302,19.8823178307972,-89.976837,73.4038376334409,0.00502045316443328,-5.89127014231289E-07,6.67200896931582E-10
13.02,59.8984436443854,19.8170529396309,-89.979553,73.4691025246144,0.00501266445265045,-5.9821135044761E-07,-6.97721675600705E-10
13.04,59.8984386731791,19.7517870485079,-89.98227,73.5343684159267,0.00500505301474484,-5.83699225890107E-07,1.1128929875386E-09
13.06,59.8984317034345,19.6865221573482,-89.984986,73.5996333074585,0.00499731175588748,-5.92745701175807E-07,-6.9268570334609E-10
13.08,59.89842073369,19.6212562661917,-89.987702,73.6648991995369,0.00498974710079015,-5.78337545668124E-07,1.10154094095436E-09
13.1,59.898406762484,19.5559913750786,-89.990419,73.7301640921454,0.00498205287087744,-5.87345794862722E-07,-6.87652610274671E-10
13.12,59.8983897927397,19.4907254839287,-89.993135,73.7954299855014,0.00497453455457527,-5.73042401080624E-07,1.09019769680623E-09
13.14,59.8983698215338,19.4254605928222,-89.995852,73.8606948796635,0.00496688692253702,-5.82011570642631E-07,-6.8258520258806E-10
13.16,59.8983514671292,19.3685896848051,-89.998147,73.9175657906425,0.004321497794753,-4.90417270352597E-05,-3.68234919943899E-06
13.18,59.8983502347326,19.3543436911779,-89.998306,73.931811784323,0.00108087964192321,-0.000245873911443839,-1.49341566319104E-05
13.2,59.8983500037976,19.3400976975106,-89.998464,73.9460577779922,0.00107924194463519,-1.24067976365278E-07,1.86174123838995E-05
13.22,59.8983497728625,19.3258507038433,-89.998622,73.9603047716614,0.00107768484638209,-1.1778352897905E-07,4.75374234964322E-10
13.24,59.8983495419275,19.311604710176,-89.99878,73.9745507653305,0.00107598139495163,-1.28659473599149E-07,-8.21445968285427E-10
13.26,59.8983483095308,19.2973587165488,-89.998939,73.9887967590111,0.00107435849777566,-1.22390435593577E-07,4.727781301336E-10
13.28,59.8983480785958,19.2831127228815,-89.999097,74.0030427526802,0.00107274048713391,-1.21838150734461E-07,4.15877152949069E-11
13.3,59.8983478476607,19.2688657292142,-89.999255,74.0172897463493,0.00107120253151343,-1.15635760938665E-07,4.66345097428287E-10
13.32,59.8983466167257,19.254619735547,-89.999413,74.0315357400697,0.00106951904807996,-1.26387645154807E-07,-8.07198514725417E-10
13.34,59.8983463843291,19.2403737419199,-89.999572,74.0457817336988,0.00106791556439643,-1.20201175677046E-07,4.63753334165046E-10
13.36,59.898345153394,19.2261267482526,-89.99973,74.0600287274192,0.001066391745539,-1.14058297711633E-07,4.59796254896178E-10
13.38,59.898344922459,19.2118807545854,-89.999888,74.0742747210883,0.00106472299469966,-1.2471979367282E-07,-7.96823315484848E-10
